Measure1,Measure2,Correlation
days,days,1.0
nlabs,days,0.32832617967264116
nproc,days,0.1792491245780105
meds,days,0.44941502575526265
opv,days,-0.011308779571630283
inptv,days,0.07691624241916649
erv,days,-0.01311467557885077
g_test,days,0.0171423261800411
A1Ctest,days,0.0692794686990138
change,days,0.10734397036775238
diab_med,days,0.06421861844262121
readmit,days,0.043141371542026935
mdtype_Cardiology,days,-0.07424328441918375
mdtype_Emergency/Trauma,days,0.006031289518860819
mdtype_Family/GeneralPractice,days,-0.0027351056401905597
mdtype_InternalMedicine,days,0.04016876174338093
mdtype_Missing,days,-0.010902248963178644
mdtype_Other,days,0.01578049281251162
mdtype_Surgery,days,0.012971073811914797
diag_1_Circulatory,days,-0.04816317913596032
diag_1_Diabetes,days,0.03230816807659917
diag_1_Digestive,days,-0.005675617176074806
diag_1_Injury,days,0.016766888311008112
diag_1_Missing,days,-0.0008569382689414128
diag_1_Musculoskeletal,days,-0.04586089078289117
diag_1_Other,days,0.07667415176596123
diag_1_Respiratory,days,-0.03401184143513061
diag_2_Circulatory,days,-0.045550232107740736
diag_2_Diabetes,days,-0.09103418370437412
diag_2_Digestive,days,0.015636537501286858
diag_2_Injury,days,0.04167541337882639
diag_2_Missing,days,-0.01010087603328995
diag_2_Musculoskeletal,days,0.013374983196192763
diag_2_Other,days,0.050983162923937675
diag_2_Respiratory,days,0.0481073277598771
diag_3_Circulatory,days,-0.029870169918558852
diag_3_Diabetes,days,-0.07430873821030204
diag_3_Digestive,days,0.008069524800926162
diag_3_Injury,days,0.0565470967643909
diag_3_Missing,days,-0.04183419914644534
diag_3_Musculoskeletal,days,0.0067534988183390555
diag_3_Other,days,0.047428978573865216
diag_3_Respiratory,days,0.04714821321394761
age_encoded,days,0.08626779581843567
days,nlabs,0.32832617967264116
nlabs,nlabs,1.0
nproc,nlabs,0.04882702968754154
meds,nlabs,0.27174099536362123
opv,nlabs,-0.004309277659464843
inptv,nlabs,0.04371327139473696
erv,nlabs,-0.004928536286464102
g_test,nlabs,-0.15481252580389696
A1Ctest,nlabs,0.24814820542095117
change,nlabs,0.06232132269556464
diab_med,nlabs,0.031341965302397315
readmit,nlabs,0.032970322318983926
mdtype_Cardiology,nlabs,-0.0060846503740966335
mdtype_Emergency/Trauma,nlabs,0.004885930235805527
mdtype_Family/GeneralPractice,nlabs,-0.0015537542253672998
mdtype_InternalMedicine,nlabs,0.13912631633247916
mdtype_Missing,nlabs,-0.0034115185519260106
mdtype_Other,nlabs,-0.1110610637841224
mdtype_Surgery,nlabs,-0.056550252365384024
diag_1_Circulatory,nlabs,0.018683114349837472
diag_1_Diabetes,nlabs,0.03349114258378767
diag_1_Digestive,nlabs,0.03372236385331506
diag_1_Injury,nlabs,-0.032145784085529885
diag_1_Missing,nlabs,-0.010366600390563233
diag_1_Musculoskeletal,nlabs,-0.12704926069678574
diag_1_Other,nlabs,0.0019951096794539203
diag_1_Respiratory,nlabs,0.022524480251111378
diag_2_Circulatory,nlabs,-0.01437731647978459
diag_2_Diabetes,nlabs,-0.0601427325511804
diag_2_Digestive,nlabs,0.009650481111785012
diag_2_Injury,nlabs,-0.009914565148556848
diag_2_Missing,nlabs,-0.008235939830854107
diag_2_Musculoskeletal,nlabs,-0.03887217322952116
diag_2_Other,nlabs,0.03580537741977858
diag_2_Respiratory,nlabs,0.04331009582512751
diag_3_Circulatory,nlabs,-0.024702515533525496
diag_3_Diabetes,nlabs,-0.06200127337164006
diag_3_Digestive,nlabs,0.01808535415977103
diag_3_Injury,nlabs,0.005522539649673855
diag_3_Missing,nlabs,-0.03671148038685229
diag_3_Musculoskeletal,nlabs,-0.024181732789305275
diag_3_Other,nlabs,0.05341006468014593
diag_3_Respiratory,nlabs,0.04262712901360343
age_encoded,nlabs,0.028795685930042926
days,nproc,0.1792491245780105
nlabs,nproc,0.04882702968754154
nproc,nproc,1.0
meds,nproc,0.36868088898586227
opv,nproc,-0.034795886646125006
inptv,nproc,-0.06907811852054266
erv,nproc,-0.042906157547667564
g_test,nproc,-0.07134456727670606
A1Ctest,nproc,-0.010236425069455851
change,nproc,-9.221838744887766e-06
diab_med,nproc,-0.010414489084961117
readmit,nproc,-0.04446685028658157
mdtype_Cardiology,nproc,0.18592593114830855
mdtype_Emergency/Trauma,nproc,-0.029607294523593966
mdtype_Family/GeneralPractice,nproc,-0.06498081689450699
mdtype_InternalMedicine,nproc,-0.0737780084394148
mdtype_Missing,nproc,-0.06861167069100914
mdtype_Other,nproc,0.07137486394373783
mdtype_Surgery,nproc,0.09384427407189617
diag_1_Circulatory,nproc,0.2254284295128343
diag_1_Diabetes,nproc,-0.047071727070118884
diag_1_Digestive,nproc,0.012304753942704054
diag_1_Injury,nproc,0.04198389032274961
diag_1_Missing,nproc,-0.0025988456873369675
diag_1_Musculoskeletal,nproc,0.04435776161419571
diag_1_Other,nproc,-0.12594999536676532
diag_1_Respiratory,nproc,-0.17210797179875043
diag_2_Circulatory,nproc,0.12772660983691073
diag_2_Diabetes,nproc,-0.04853027637212241
diag_2_Digestive,nproc,0.022085574644663233
diag_2_Injury,nproc,0.08408469645672421
diag_2_Missing,nproc,-0.008997099353611019
diag_2_Musculoskeletal,nproc,0.018181282820408262
diag_2_Other,nproc,-0.09990397737077229
diag_2_Respiratory,nproc,-0.04797611493527657
diag_3_Circulatory,nproc,0.053713800584381174
diag_3_Diabetes,nproc,-0.002257989763290782
diag_3_Digestive,nproc,0.01889778320299361
diag_3_Injury,nproc,0.07093436595832238
diag_3_Missing,nproc,-0.02460850622228154
diag_3_Musculoskeletal,nproc,-0.0016266903360505573
diag_3_Other,nproc,-0.07278834692846452
diag_3_Respiratory,nproc,0.0013355705616119166
age_encoded,nproc,-0.0933561615415382
days,meds,0.44941502575526265
nlabs,meds,0.27174099536362123
nproc,meds,0.36868088898586227
meds,meds,1.0
opv,meds,0.04318483457292457
inptv,meds,0.06557160108006112
erv,meds,0.012943689520527796
g_test,meds,0.00110991850461004
A1Ctest,meds,0.03592847014041101
change,meds,0.24852871316318723
diab_med,meds,0.19573481285109234
readmit,meds,0.036870880412733086
mdtype_Cardiology,meds,0.02477596755231968
mdtype_Emergency/Trauma,meds,-0.05480197654699113
mdtype_Family/GeneralPractice,meds,-0.05757391516837743
mdtype_InternalMedicine,meds,-0.05607111382886323
mdtype_Missing,meds,0.0211888850367472
mdtype_Other,meds,0.03439584958339046
mdtype_Surgery,meds,0.10399947634637802
diag_1_Circulatory,meds,0.06726516357517918
diag_1_Diabetes,meds,-0.027347503357658724
diag_1_Digestive,meds,-0.05236196900293422
diag_1_Injury,meds,0.043387967283802904
diag_1_Missing,meds,-0.0035349660401997347
diag_1_Musculoskeletal,meds,0.1027957288720772
diag_1_Other,meds,-0.10304470357527672
diag_1_Respiratory,meds,0.008462237286873335
diag_2_Circulatory,meds,0.049476015463041575
diag_2_Diabetes,meds,-0.0858150985664375
diag_2_Digestive,meds,-0.01995201585491397
diag_2_Injury,meds,0.06208974821312903
diag_2_Missing,meds,-0.022732653917679566
diag_2_Musculoskeletal,meds,0.012403563528711053
diag_2_Other,meds,-0.05483182764099329
diag_2_Respiratory,meds,0.0766162661446464
diag_3_Circulatory,meds,0.03593184652209204
diag_3_Diabetes,meds,-0.05741589431325904
diag_3_Digestive,meds,-0.01738560329919181
diag_3_Injury,meds,0.0588265344830508
diag_3_Missing,meds,-0.05618123569602498
diag_3_Musculoskeletal,meds,0.006316989360140629
diag_3_Other,meds,-0.03189180398278115
diag_3_Respiratory,meds,0.07442554535628683
age_encoded,meds,-0.03960437967924218
days,opv,-0.011308779571630283
nlabs,opv,-0.004309277659464843
nproc,opv,-0.034795886646125006
meds,opv,0.04318483457292457
opv,opv,1.0
inptv,opv,0.12773579656799877
erv,opv,0.09691194489478722
g_test,opv,0.06185304368579259
A1Ctest,opv,-0.014723427810279131
change,opv,0.025531131827476117
diab_med,opv,0.014043274342833931
readmit,opv,0.09548689199111966
mdtype_Cardiology,opv,-0.0199147446351733
mdtype_Emergency/Trauma,opv,-0.051914919858113646
mdtype_Family/GeneralPractice,opv,-0.011612096192593154
mdtype_InternalMedicine,opv,-0.054373709231493
mdtype_Missing,opv,0.10026661371175719
mdtype_Other,opv,-0.03232540884459932
mdtype_Surgery,opv,0.0010210775153337397
diag_1_Circulatory,opv,-0.029203800633725324
diag_1_Diabetes,opv,0.03358535883589263
diag_1_Digestive,opv,0.0112418748491121
diag_1_Injury,opv,-0.004618235385187921
diag_1_Missing,opv,0.0014137356468078652
diag_1_Musculoskeletal,opv,-0.0033340108718769136
diag_1_Other,opv,0.010614446351454003
diag_1_Respiratory,opv,-0.0030552773276656276
diag_2_Circulatory,opv,-0.007734419312372867
diag_2_Diabetes,opv,-0.028892348472420205
diag_2_Digestive,opv,0.003026356942036579
diag_2_Injury,opv,-0.006065967233446038
diag_2_Missing,opv,-0.0093049799964801
diag_2_Musculoskeletal,opv,0.009543566152587191
diag_2_Other,opv,0.01809154659430983
diag_2_Respiratory,opv,0.011510844157568693
diag_3_Circulatory,opv,-0.0013886601277137813
diag_3_Diabetes,opv,-0.012300447303024348
diag_3_Digestive,opv,-0.003138484741763476
diag_3_Injury,opv,-0.013885726669923597
diag_3_Missing,opv,-0.01662244806311984
diag_3_Musculoskeletal,opv,0.010835459102804567
diag_3_Other,opv,0.011486132636196885
diag_3_Respiratory,opv,0.008346787109773738
age_encoded,opv,0.019859782791812376
days,inptv,0.07691624241916649
nlabs,inptv,0.04371327139473696
nproc,inptv,-0.06907811852054266
meds,inptv,0.06557160108006112
opv,inptv,0.12773579656799877
inptv,inptv,1.0
erv,inptv,0.22028520687958902
g_test,inptv,0.02316994954431008
A1Ctest,inptv,-0.06012545290232115
change,inptv,0.012441903841488227
diab_med,inptv,0.020977832439777612
readmit,inptv,0.21248048467242175
mdtype_Cardiology,inptv,-0.04916466639278156
mdtype_Emergency/Trauma,inptv,0.003718844373320547
mdtype_Family/GeneralPractice,inptv,0.014127117687731268
mdtype_InternalMedicine,inptv,0.018753314471482655
mdtype_Missing,inptv,0.011490745479682334
mdtype_Other,inptv,-0.008575240134221434
mdtype_Surgery,inptv,-0.014091223919189379
diag_1_Circulatory,inptv,-0.03443929277563837
diag_1_Diabetes,inptv,0.03448716700334711
diag_1_Digestive,inptv,0.00799470700601205
diag_1_Injury,inptv,0.019445087248889548
diag_1_Missing,inptv,-0.006614982109911596
diag_1_Musculoskeletal,inptv,-0.06339488630980966
diag_1_Other,inptv,0.02086546091931718
diag_1_Respiratory,inptv,0.013443738128515808
diag_2_Circulatory,inptv,-0.012989919847815135
diag_2_Diabetes,inptv,-0.04121197713679287
diag_2_Digestive,inptv,0.008896803964313534
diag_2_Injury,inptv,-0.01878275321986808
diag_2_Missing,inptv,-0.01067188743395715
diag_2_Musculoskeletal,inptv,-0.0011542203110783667
diag_2_Other,inptv,0.0251420893781333
diag_2_Respiratory,inptv,0.028003516740754793
diag_3_Circulatory,inptv,-0.004582488163470139
diag_3_Diabetes,inptv,-0.0219095018302
diag_3_Digestive,inptv,0.0010448292053950817
diag_3_Injury,inptv,-0.015047392319656438
diag_3_Missing,inptv,-0.026462279124161162
diag_3_Musculoskeletal,inptv,-0.012006169421899901
diag_3_Other,inptv,0.021766008819511795
diag_3_Respiratory,inptv,0.02125107640675773
age_encoded,inptv,-0.021916747864167523
days,erv,-0.01311467557885077
nlabs,erv,-0.004928536286464102
nproc,erv,-0.042906157547667564
meds,erv,0.012943689520527796
opv,erv,0.09691194489478722
inptv,erv,0.22028520687958902
erv,erv,1.0
g_test,erv,0.02317409923776437
A1Ctest,erv,-0.010828799448322522
change,erv,0.02922110603785278
diab_med,erv,0.01790056602813464
readmit,erv,0.09351855622058887
mdtype_Cardiology,erv,-0.03170349905884489
mdtype_Emergency/Trauma,erv,0.06331986508729781
mdtype_Family/GeneralPractice,erv,0.006130036719098569
mdtype_InternalMedicine,erv,-0.004291041787832181
mdtype_Missing,erv,-0.013138724205268827
mdtype_Other,erv,-0.015966196745283753
mdtype_Surgery,erv,0.009174085435400034
diag_1_Circulatory,erv,-0.04264758142476591
diag_1_Diabetes,erv,0.029225420782747796
diag_1_Digestive,erv,0.00783107775945312
diag_1_Injury,erv,-0.003960635369124308
diag_1_Missing,erv,0.004475388205229929
diag_1_Musculoskeletal,erv,-0.018554179121937662
diag_1_Other,erv,0.018992016230394503
diag_1_Respiratory,erv,0.018901477998180816
diag_2_Circulatory,erv,-0.037857784525108525
diag_2_Diabetes,erv,-0.01370201638319936
diag_2_Digestive,erv,0.00827375094403903
diag_2_Injury,erv,-0.013457996838944355
diag_2_Missing,erv,-0.007538513757387966
diag_2_Musculoskeletal,erv,-0.004009357267695882
diag_2_Other,erv,0.04792568896831654
diag_2_Respiratory,erv,0.0011448351756883058
diag_3_Circulatory,erv,-0.028105027488847623
diag_3_Diabetes,erv,-0.0027742664447277087
diag_3_Digestive,erv,0.004824668856206553
diag_3_Injury,erv,-0.0011985335281720342
diag_3_Missing,erv,-0.01206907528170461
diag_3_Musculoskeletal,erv,0.00847757376392962
diag_3_Other,erv,0.024361700678461527
diag_3_Respiratory,erv,0.005545198948454052
age_encoded,erv,-0.07088562155217853
days,g_test,0.0171423261800411
nlabs,g_test,-0.15481252580389696
nproc,g_test,-0.07134456727670606
meds,g_test,0.00110991850461004
opv,g_test,0.06185304368579259
inptv,g_test,0.02316994954431008
erv,g_test,0.02317409923776437
g_test,g_test,1.0
A1Ctest,g_test,-0.06073183936754281
change,g_test,0.011038845034275848
diab_med,g_test,0.003374540615625857
readmit,g_test,0.017302789383802003
mdtype_Cardiology,g_test,-0.0034364972148490346
mdtype_Emergency/Trauma,g_test,-0.06516315636829967
mdtype_Family/GeneralPractice,g_test,0.092255618078988
mdtype_InternalMedicine,g_test,-0.004717472207732129
mdtype_Missing,g_test,-0.0048213056087604645
mdtype_Other,g_test,-0.012781489163978045
mdtype_Surgery,g_test,0.007729555681690287
diag_1_Circulatory,g_test,-0.024595843018590007
diag_1_Diabetes,g_test,0.008675743008959501
diag_1_Digestive,g_test,0.008760139776192248
diag_1_Injury,g_test,-0.015247102931902764
diag_1_Missing,g_test,-0.0028866100661390434
diag_1_Musculoskeletal,g_test,-0.022444408634092528
diag_1_Other,g_test,-0.003962058190402823
diag_1_Respiratory,g_test,0.04831765042808893
diag_2_Circulatory,g_test,-0.03038271948734816
diag_2_Diabetes,g_test,0.025365309401804828
diag_2_Digestive,g_test,0.002739750479886323
diag_2_Injury,g_test,-0.013643941090950408
diag_2_Missing,g_test,-0.009360803723639453
diag_2_Musculoskeletal,g_test,-0.008657034618054038
diag_2_Other,g_test,0.0003278712286238966
diag_2_Respiratory,g_test,0.028204665839536038
diag_3_Circulatory,g_test,-0.02294658697895841
diag_3_Diabetes,g_test,0.006985190682393493
diag_3_Digestive,g_test,0.005000266529481331
diag_3_Injury,g_test,-0.0018475396605714294
diag_3_Missing,g_test,0.009844191429767415
diag_3_Musculoskeletal,g_test,-0.0004225797080252723
diag_3_Other,g_test,0.009483341704981819
diag_3_Respiratory,g_test,0.007130131062550098
age_encoded,g_test,0.034232354200567805
days,A1Ctest,0.0692794686990138
nlabs,A1Ctest,0.24814820542095117
nproc,A1Ctest,-0.010236425069455851
meds,A1Ctest,0.03592847014041101
opv,A1Ctest,-0.014723427810279131
inptv,A1Ctest,-0.06012545290232115
erv,A1Ctest,-0.010828799448322522
g_test,A1Ctest,-0.06073183936754281
A1Ctest,A1Ctest,1.0
change,A1Ctest,0.10125179176831718
diab_med,A1Ctest,0.0768856504765889
readmit,A1Ctest,-0.014852885731865917
mdtype_Cardiology,A1Ctest,-0.006715495919808354
mdtype_Emergency/Trauma,A1Ctest,0.048887361056179364
mdtype_Family/GeneralPractice,A1Ctest,0.005435783106801514
mdtype_InternalMedicine,A1Ctest,0.039555474518219946
mdtype_Missing,A1Ctest,-0.013607343871721399
mdtype_Other,A1Ctest,-0.04034842853199238
mdtype_Surgery,A1Ctest,-0.03430870035063654
diag_1_Circulatory,A1Ctest,0.02300509839414596
diag_1_Diabetes,A1Ctest,0.10161178805721367
diag_1_Digestive,A1Ctest,-0.030956261957290683
diag_1_Injury,A1Ctest,-0.044017576727269116
diag_1_Missing,A1Ctest,-0.005342135198164864
diag_1_Musculoskeletal,A1Ctest,-0.03569404998865964
diag_1_Other,A1Ctest,-0.025519907388866253
diag_1_Respiratory,A1Ctest,0.006910123561300778
diag_2_Circulatory,A1Ctest,-0.006333392631674504
diag_2_Diabetes,A1Ctest,0.04422311566468667
diag_2_Digestive,A1Ctest,-0.02476049566605297
diag_2_Injury,A1Ctest,-0.02778284811404533
diag_2_Missing,A1Ctest,0.006625717760819157
diag_2_Musculoskeletal,A1Ctest,0.00455249726768133
diag_2_Other,A1Ctest,0.0005775703756693243
diag_2_Respiratory,A1Ctest,-0.01045938087826373
diag_3_Circulatory,A1Ctest,-0.016467063913009738
diag_3_Diabetes,A1Ctest,0.00894010352493767
diag_3_Digestive,A1Ctest,-0.007965487392932718
diag_3_Injury,A1Ctest,-0.010837038504268176
diag_3_Missing,A1Ctest,0.0034684584570690963
diag_3_Musculoskeletal,A1Ctest,0.0057873930991074966
diag_3_Other,A1Ctest,0.012289338269674726
diag_3_Respiratory,A1Ctest,0.0007612207341887805
age_encoded,A1Ctest,-0.09321962479897358
days,change,0.10734397036775238
nlabs,change,0.06232132269556464
nproc,change,-9.221838744887766e-06
meds,change,0.24852871316318723
opv,change,0.025531131827476117
inptv,change,0.012441903841488227
erv,change,0.02922110603785278
g_test,change,0.011038845034275848
A1Ctest,change,0.10125179176831718
change,change,1.0
diab_med,change,0.5058049095106217
readmit,change,0.04321438169328821
mdtype_Cardiology,change,-0.019943923039757797
mdtype_Emergency/Trauma,change,0.0816654795241628
mdtype_Family/GeneralPractice,change,0.0021457355253270654
mdtype_InternalMedicine,change,-0.02210934901752359
mdtype_Missing,change,-0.012071930594338824
mdtype_Other,change,-0.01606390219246942
mdtype_Surgery,change,0.005555922924700451
diag_1_Circulatory,change,-0.016438698578263466
diag_1_Diabetes,change,0.07340121009449471
diag_1_Digestive,change,-0.07996933996570431
diag_1_Injury,change,-0.002432769314845284
diag_1_Missing,change,0.0010121985530397925
diag_1_Musculoskeletal,change,0.016900296203092774
diag_1_Other,change,-0.006561815448127142
diag_1_Respiratory,change,0.03369611361894034
diag_2_Circulatory,change,-0.03659246229526945
diag_2_Diabetes,change,0.03778287379836141
diag_2_Digestive,change,-0.04137049098268858
diag_2_Injury,change,0.0026777882772904033
diag_2_Missing,change,-0.004556346232988514
diag_2_Musculoskeletal,change,0.00929484776265616
diag_2_Other,change,0.012047725211584882
diag_2_Respiratory,change,0.01825585999661608
diag_3_Circulatory,change,-0.015563388680259506
diag_3_Diabetes,change,0.006067682490160163
diag_3_Digestive,change,-0.030102846024801313
diag_3_Injury,change,0.012192712238748633
diag_3_Missing,change,-0.007446755176110371
diag_3_Musculoskeletal,change,0.007592087063875873
diag_3_Other,change,0.013122877831855813
diag_3_Respiratory,change,0.008410204992129529
age_encoded,change,-0.053463597507847516
days,diab_med,0.06421861844262121
nlabs,diab_med,0.031341965302397315
nproc,diab_med,-0.010414489084961117
meds,diab_med,0.19573481285109234
opv,diab_med,0.014043274342833931
inptv,diab_med,0.020977832439777612
erv,diab_med,0.01790056602813464
g_test,diab_med,0.003374540615625857
A1Ctest,diab_med,0.0768856504765889
change,diab_med,0.5058049095106217
diab_med,diab_med,1.0
readmit,diab_med,0.062145278405279704
mdtype_Cardiology,diab_med,-0.013867020613195686
mdtype_Emergency/Trauma,diab_med,0.031711667449328275
mdtype_Family/GeneralPractice,diab_med,0.013497185940492585
mdtype_InternalMedicine,diab_med,-0.0016051346464412862
mdtype_Missing,diab_med,-0.011627371338892172
mdtype_Other,diab_med,-0.007363524736262863
mdtype_Surgery,diab_med,-0.00041640751565850807
diag_1_Circulatory,diab_med,0.003972379087235786
diag_1_Diabetes,diab_med,0.048531764555195395
diag_1_Digestive,diab_med,-0.07063289921108173
diag_1_Injury,diab_med,-0.007366253101863263
diag_1_Missing,diab_med,0.006930919299521736
diag_1_Musculoskeletal,diab_med,0.018305497951529887
diag_1_Other,diab_med,-0.013362558027528018
diag_1_Respiratory,diab_med,0.028033890429003682
diag_2_Circulatory,diab_med,-0.0166181409070411
diag_2_Diabetes,diab_med,0.03315122343665527
diag_2_Digestive,diab_med,-0.039437538445574426
diag_2_Injury,diab_med,0.013402011086540445
diag_2_Missing,diab_med,-0.009973684789004207
diag_2_Musculoskeletal,diab_med,0.003927505547863221
diag_2_Other,diab_med,-0.0047695018740633146
diag_2_Respiratory,diab_med,0.015505252311040196
diag_3_Circulatory,diab_med,0.0011404048285049294
diag_3_Diabetes,diab_med,0.014585967787353753
diag_3_Digestive,diab_med,-0.029058334156187828
diag_3_Injury,diab_med,0.009936637393372751
diag_3_Missing,diab_med,-0.010490955108685768
diag_3_Musculoskeletal,diab_med,0.002166104309792812
diag_3_Other,diab_med,-0.005202660422034349
diag_3_Respiratory,diab_med,0.004688103077791215
age_encoded,diab_med,-0.02573917837459171
days,readmit,0.043141371542026935
nlabs,readmit,0.032970322318983926
nproc,readmit,-0.04446685028658157
meds,readmit,0.036870880412733086
opv,readmit,0.09548689199111966
inptv,readmit,0.21248048467242175
erv,readmit,0.09351855622058887
g_test,readmit,0.017302789383802003
A1Ctest,readmit,-0.014852885731865917
change,readmit,0.04321438169328821
diab_med,readmit,0.062145278405279704
readmit,readmit,1.0
mdtype_Cardiology,readmit,-0.009888750595251293
mdtype_Emergency/Trauma,readmit,0.013582498805007216
mdtype_Family/GeneralPractice,readmit,0.014324627362469396
mdtype_InternalMedicine,readmit,-0.018363539265743987
mdtype_Missing,readmit,0.0375852860399932
mdtype_Other,readmit,-0.03831293053476589
mdtype_Surgery,readmit,-0.026223163504372718
diag_1_Circulatory,readmit,0.012352132866698225
diag_1_Diabetes,readmit,0.03634889143301356
diag_1_Digestive,readmit,0.002756576430616211
diag_1_Injury,readmit,-0.018087452433939697
diag_1_Missing,readmit,0.0007563073945572947
diag_1_Musculoskeletal,readmit,-0.034407410963371216
diag_1_Other,readmit,-0.02249378409544022
diag_1_Respiratory,readmit,0.01714828337742846
diag_2_Circulatory,readmit,0.018426260095863702
diag_2_Diabetes,readmit,-0.02082506625567546
diag_2_Digestive,readmit,-0.010966843673656065
diag_2_Injury,readmit,-0.019974180517892917
diag_2_Missing,readmit,-0.005375138319744708
diag_2_Musculoskeletal,readmit,-0.0020361745527388846
diag_2_Other,readmit,-0.001628869426244426
diag_2_Respiratory,readmit,0.01399911008416007
diag_3_Circulatory,readmit,0.017081708939650414
diag_3_Diabetes,readmit,-0.012010541878637012
diag_3_Digestive,readmit,-0.00028433609346806147
diag_3_Injury,readmit,-0.012561495456082185
diag_3_Missing,readmit,-0.03285039023941167
diag_3_Musculoskeletal,readmit,-0.005349568244467533
diag_3_Other,readmit,-0.004787497079133712
diag_3_Respiratory,readmit,0.016164913202649903
age_encoded,readmit,0.030288765956746903
days,mdtype_Cardiology,-0.07424328441918375
nlabs,mdtype_Cardiology,-0.0060846503740966335
nproc,mdtype_Cardiology,0.18592593114830855
meds,mdtype_Cardiology,0.02477596755231968
opv,mdtype_Cardiology,-0.0199147446351733
inptv,mdtype_Cardiology,-0.04916466639278156
erv,mdtype_Cardiology,-0.03170349905884489
g_test,mdtype_Cardiology,-0.0034364972148490346
A1Ctest,mdtype_Cardiology,-0.006715495919808354
change,mdtype_Cardiology,-0.019943923039757797
diab_med,mdtype_Cardiology,-0.013867020613195686
readmit,mdtype_Cardiology,-0.009888750595251293
mdtype_Cardiology,mdtype_Cardiology,1.0
mdtype_Emergency/Trauma,mdtype_Cardiology,-0.06978965471195987
mdtype_Family/GeneralPractice,mdtype_Cardiology,-0.06972957225452958
mdtype_InternalMedicine,mdtype_Cardiology,-0.09966676094575981
mdtype_Missing,mdtype_Cardiology,-0.2420931267304652
mdtype_Other,mdtype_Cardiology,-0.0844008326274296
mdtype_Surgery,mdtype_Cardiology,-0.05518777504942676
diag_1_Circulatory,mdtype_Cardiology,0.22781444644592702
diag_1_Diabetes,mdtype_Cardiology,-0.054740704522821045
diag_1_Digestive,mdtype_Cardiology,-0.059831449386437405
diag_1_Injury,mdtype_Cardiology,-0.03887389945296481
diag_1_Missing,mdtype_Cardiology,-0.003091555581888843
diag_1_Musculoskeletal,mdtype_Cardiology,-0.04975208367973028
diag_1_Other,mdtype_Cardiology,-0.1017253447567379
diag_1_Respiratory,mdtype_Cardiology,-0.02565457917883049
diag_2_Circulatory,mdtype_Cardiology,0.14755548932162024
diag_2_Diabetes,mdtype_Cardiology,0.0006590473094477218
diag_2_Digestive,mdtype_Cardiology,-0.0375213939654766
diag_2_Injury,mdtype_Cardiology,-0.008344230716229289
diag_2_Missing,mdtype_Cardiology,-0.0057901316476018936
diag_2_Musculoskeletal,mdtype_Cardiology,-0.024136088512848645
diag_2_Other,mdtype_Cardiology,-0.10226769047655478
diag_2_Respiratory,mdtype_Cardiology,-0.026036011114817813
diag_3_Circulatory,mdtype_Cardiology,0.06947114399299927
diag_3_Diabetes,mdtype_Cardiology,0.01469168627919699
diag_3_Digestive,mdtype_Cardiology,-0.02735072173081775
diag_3_Injury,mdtype_Cardiology,0.0023761725847819726
diag_3_Missing,mdtype_Cardiology,-0.005991453257275009
diag_3_Musculoskeletal,mdtype_Cardiology,-0.012513313215900304
diag_3_Other,mdtype_Cardiology,-0.06028928506380531
diag_3_Respiratory,mdtype_Cardiology,-0.005823502767634349
age_encoded,mdtype_Cardiology,-0.0209446758124999
days,mdtype_Emergency/Trauma,0.006031289518860819
nlabs,mdtype_Emergency/Trauma,0.004885930235805527
nproc,mdtype_Emergency/Trauma,-0.029607294523593966
meds,mdtype_Emergency/Trauma,-0.05480197654699113
opv,mdtype_Emergency/Trauma,-0.051914919858113646
inptv,mdtype_Emergency/Trauma,0.003718844373320547
erv,mdtype_Emergency/Trauma,0.06331986508729781
g_test,mdtype_Emergency/Trauma,-0.06516315636829967
A1Ctest,mdtype_Emergency/Trauma,0.048887361056179364
change,mdtype_Emergency/Trauma,0.0816654795241628
diab_med,mdtype_Emergency/Trauma,0.031711667449328275
readmit,mdtype_Emergency/Trauma,0.013582498805007216
mdtype_Cardiology,mdtype_Emergency/Trauma,-0.06978965471195987
mdtype_Emergency/Trauma,mdtype_Emergency/Trauma,1.0
mdtype_Family/GeneralPractice,mdtype_Emergency/Trauma,-0.08147857187173273
mdtype_InternalMedicine,mdtype_Emergency/Trauma,-0.11645999082425793
mdtype_Missing,mdtype_Emergency/Trauma,-0.2828843141896568
mdtype_Other,mdtype_Emergency/Trauma,-0.09862184844854559
mdtype_Surgery,mdtype_Emergency/Trauma,-0.06448657220199197
diag_1_Circulatory,mdtype_Emergency/Trauma,-0.013698804420807394
diag_1_Diabetes,mdtype_Emergency/Trauma,0.008483285002786368
diag_1_Digestive,mdtype_Emergency/Trauma,0.005417200896025107
diag_1_Injury,mdtype_Emergency/Trauma,0.006307441583425107
diag_1_Missing,mdtype_Emergency/Trauma,-0.003612463486150608
diag_1_Musculoskeletal,mdtype_Emergency/Trauma,-0.04334229018306564
diag_1_Other,mdtype_Emergency/Trauma,-0.00032786565119554285
diag_1_Respiratory,mdtype_Emergency/Trauma,0.030156535144071787
diag_2_Circulatory,mdtype_Emergency/Trauma,-0.01788268197764298
diag_2_Diabetes,mdtype_Emergency/Trauma,-0.011869724065233643
diag_2_Digestive,mdtype_Emergency/Trauma,0.0098976919155157
diag_2_Injury,mdtype_Emergency/Trauma,-0.00853716031156199
diag_2_Missing,mdtype_Emergency/Trauma,0.006781373982162709
diag_2_Musculoskeletal,mdtype_Emergency/Trauma,-0.011846562061574906
diag_2_Other,mdtype_Emergency/Trauma,0.01613059726769354
diag_2_Respiratory,mdtype_Emergency/Trauma,0.01589226452552385
diag_3_Circulatory,mdtype_Emergency/Trauma,-0.011663133248754067
diag_3_Diabetes,mdtype_Emergency/Trauma,-0.01219930177979497
diag_3_Digestive,mdtype_Emergency/Trauma,0.002365517870797686
diag_3_Injury,mdtype_Emergency/Trauma,-0.012331056637189069
diag_3_Missing,mdtype_Emergency/Trauma,-0.011643289043127631
diag_3_Musculoskeletal,mdtype_Emergency/Trauma,0.010985210382698675
diag_3_Other,mdtype_Emergency/Trauma,0.021196764624002655
diag_3_Respiratory,mdtype_Emergency/Trauma,0.002055771949758988
age_encoded,mdtype_Emergency/Trauma,0.026062775165712603
days,mdtype_Family/GeneralPractice,-0.0027351056401905597
nlabs,mdtype_Family/GeneralPractice,-0.0015537542253672998
nproc,mdtype_Family/GeneralPractice,-0.06498081689450699
meds,mdtype_Family/GeneralPractice,-0.05757391516837743
opv,mdtype_Family/GeneralPractice,-0.011612096192593154
inptv,mdtype_Family/GeneralPractice,0.014127117687731268
erv,mdtype_Family/GeneralPractice,0.006130036719098569
g_test,mdtype_Family/GeneralPractice,0.092255618078988
A1Ctest,mdtype_Family/GeneralPractice,0.005435783106801514
change,mdtype_Family/GeneralPractice,0.0021457355253270654
diab_med,mdtype_Family/GeneralPractice,0.013497185940492585
readmit,mdtype_Family/GeneralPractice,0.014324627362469396
mdtype_Cardiology,mdtype_Family/GeneralPractice,-0.06972957225452958
mdtype_Emergency/Trauma,mdtype_Family/GeneralPractice,-0.08147857187173273
mdtype_Family/GeneralPractice,mdtype_Family/GeneralPractice,1.0
mdtype_InternalMedicine,mdtype_Family/GeneralPractice,-0.11635972951088783
mdtype_Missing,mdtype_Family/GeneralPractice,-0.2826407768797908
mdtype_Other,mdtype_Family/GeneralPractice,-0.09853694413091287
mdtype_Surgery,mdtype_Family/GeneralPractice,-0.06443105520960747
diag_1_Circulatory,mdtype_Family/GeneralPractice,-0.009805427321243575
diag_1_Diabetes,mdtype_Family/GeneralPractice,0.018723386626954396
diag_1_Digestive,mdtype_Family/GeneralPractice,0.013390894162563555
diag_1_Injury,mdtype_Family/GeneralPractice,-0.043413161600454664
diag_1_Missing,mdtype_Family/GeneralPractice,-0.0036093534881928508
diag_1_Musculoskeletal,mdtype_Family/GeneralPractice,-0.03284326654196683
diag_1_Other,mdtype_Family/GeneralPractice,-0.0052435501515673355
diag_1_Respiratory,mdtype_Family/GeneralPractice,0.04577179368778552
diag_2_Circulatory,mdtype_Family/GeneralPractice,-0.01855069102140677
diag_2_Diabetes,mdtype_Family/GeneralPractice,0.02281624949633644
diag_2_Digestive,mdtype_Family/GeneralPractice,0.013131975298970576
diag_2_Injury,mdtype_Family/GeneralPractice,-0.013462128686226482
diag_2_Missing,mdtype_Family/GeneralPractice,0.0031030867374122147
diag_2_Musculoskeletal,mdtype_Family/GeneralPractice,-0.011795348055479602
diag_2_Other,mdtype_Family/GeneralPractice,-0.002124563255731441
diag_2_Respiratory,mdtype_Family/GeneralPractice,0.010362519991690038
diag_3_Circulatory,mdtype_Family/GeneralPractice,-0.005783225987202285
diag_3_Diabetes,mdtype_Family/GeneralPractice,0.0033189945380913987
diag_3_Digestive,mdtype_Family/GeneralPractice,0.0145600976831758
diag_3_Injury,mdtype_Family/GeneralPractice,-0.005537759228590066
diag_3_Missing,mdtype_Family/GeneralPractice,0.010735121401910975
diag_3_Musculoskeletal,mdtype_Family/GeneralPractice,0.00198202847222612
diag_3_Other,mdtype_Family/GeneralPractice,-0.004276643194090542
diag_3_Respiratory,mdtype_Family/GeneralPractice,0.001048190540162194
age_encoded,mdtype_Family/GeneralPractice,-0.0049129617218499465
days,mdtype_InternalMedicine,0.04016876174338093
nlabs,mdtype_InternalMedicine,0.13912631633247916
nproc,mdtype_InternalMedicine,-0.0737780084394148
meds,mdtype_InternalMedicine,-0.05607111382886323
opv,mdtype_InternalMedicine,-0.054373709231493
inptv,mdtype_InternalMedicine,0.018753314471482655
erv,mdtype_InternalMedicine,-0.004291041787832181
g_test,mdtype_InternalMedicine,-0.004717472207732129
A1Ctest,mdtype_InternalMedicine,0.039555474518219946
change,mdtype_InternalMedicine,-0.02210934901752359
diab_med,mdtype_InternalMedicine,-0.0016051346464412862
readmit,mdtype_InternalMedicine,-0.018363539265743987
mdtype_Cardiology,mdtype_InternalMedicine,-0.09966676094575981
mdtype_Emergency/Trauma,mdtype_InternalMedicine,-0.11645999082425793
mdtype_Family/GeneralPractice,mdtype_InternalMedicine,-0.11635972951088783
mdtype_InternalMedicine,mdtype_InternalMedicine,1.0
mdtype_Missing,mdtype_InternalMedicine,-0.40398771757806207
mdtype_Other,mdtype_InternalMedicine,-0.14084208087743558
mdtype_Surgery,mdtype_InternalMedicine,-0.09209341703142142
diag_1_Circulatory,mdtype_InternalMedicine,-0.009547968075319931
diag_1_Diabetes,mdtype_InternalMedicine,0.01789343583434433
diag_1_Digestive,mdtype_InternalMedicine,0.03734428476287002
diag_1_Injury,mdtype_InternalMedicine,-0.04429613450280576
diag_1_Missing,mdtype_InternalMedicine,-0.005158967130378367
diag_1_Musculoskeletal,mdtype_InternalMedicine,-0.05220468823643924
diag_1_Other,mdtype_InternalMedicine,0.00531697088923147
diag_1_Respiratory,mdtype_InternalMedicine,0.025904702345229652
diag_2_Circulatory,mdtype_InternalMedicine,-0.010232728375260257
diag_2_Diabetes,mdtype_InternalMedicine,0.024128953170701812
diag_2_Digestive,mdtype_InternalMedicine,0.005471336504935585
diag_2_Injury,mdtype_InternalMedicine,-0.02129153397656631
diag_2_Missing,mdtype_InternalMedicine,0.008410094380998054
diag_2_Musculoskeletal,mdtype_InternalMedicine,-0.010383766694806356
diag_2_Other,mdtype_InternalMedicine,0.001812246774035339
diag_2_Respiratory,mdtype_InternalMedicine,-0.0019900272474021536
diag_3_Circulatory,mdtype_InternalMedicine,-0.0005016770935880771
diag_3_Diabetes,mdtype_InternalMedicine,0.009547092697366118
diag_3_Digestive,mdtype_InternalMedicine,0.0063192691998501865
diag_3_Injury,mdtype_InternalMedicine,-0.007769381207658477
diag_3_Missing,mdtype_InternalMedicine,0.009144782017829074
diag_3_Musculoskeletal,mdtype_InternalMedicine,-0.007601878835661432
diag_3_Other,mdtype_InternalMedicine,-0.008238798689096308
diag_3_Respiratory,mdtype_InternalMedicine,0.002546796416663101
age_encoded,mdtype_InternalMedicine,0.02984317837753244
days,mdtype_Missing,-0.010902248963178644
nlabs,mdtype_Missing,-0.0034115185519260106
nproc,mdtype_Missing,-0.06861167069100914
meds,mdtype_Missing,0.0211888850367472
opv,mdtype_Missing,0.10026661371175719
inptv,mdtype_Missing,0.011490745479682334
erv,mdtype_Missing,-0.013138724205268827
g_test,mdtype_Missing,-0.0048213056087604645
A1Ctest,mdtype_Missing,-0.013607343871721399
change,mdtype_Missing,-0.012071930594338824
diab_med,mdtype_Missing,-0.011627371338892172
readmit,mdtype_Missing,0.0375852860399932
mdtype_Cardiology,mdtype_Missing,-0.2420931267304652
mdtype_Emergency/Trauma,mdtype_Missing,-0.2828843141896568
mdtype_Family/GeneralPractice,mdtype_Missing,-0.2826407768797908
mdtype_InternalMedicine,mdtype_Missing,-0.40398771757806207
mdtype_Missing,mdtype_Missing,1.0
mdtype_Other,mdtype_Missing,-0.34210903827204137
mdtype_Surgery,mdtype_Missing,-0.22369727950286916
diag_1_Circulatory,mdtype_Missing,-0.015022632611402737
diag_1_Diabetes,mdtype_Missing,0.005882586269259815
diag_1_Digestive,mdtype_Missing,0.016925990708400743
diag_1_Injury,mdtype_Missing,0.0015601557575426696
diag_1_Missing,mdtype_Missing,0.00011942247940488092
diag_1_Musculoskeletal,mdtype_Missing,-0.06018901829616828
diag_1_Other,mdtype_Missing,0.008148385220848209
diag_1_Respiratory,mdtype_Missing,0.027405754210051828
diag_2_Circulatory,mdtype_Missing,-0.013935462770630624
diag_2_Diabetes,mdtype_Missing,-0.056482979835813255
diag_2_Digestive,mdtype_Missing,0.007484161913381825
diag_2_Injury,mdtype_Missing,-0.004586936216189903
diag_2_Missing,mdtype_Missing,-0.015240962629362186
diag_2_Musculoskeletal,mdtype_Missing,-0.006793222820409557
diag_2_Other,mdtype_Missing,0.03407958989735396
diag_2_Respiratory,mdtype_Missing,0.028239310040911993
diag_3_Circulatory,mdtype_Missing,-0.01052802942995365
diag_3_Diabetes,mdtype_Missing,-0.03242281151731725
diag_3_Digestive,mdtype_Missing,0.011635202563451045
diag_3_Injury,mdtype_Missing,0.005447632064932922
diag_3_Missing,mdtype_Missing,-0.034538143813658786
diag_3_Musculoskeletal,mdtype_Missing,-0.01996131837185682
diag_3_Other,mdtype_Missing,0.03349666294039156
diag_3_Respiratory,mdtype_Missing,0.013999586217977464
age_encoded,mdtype_Missing,0.02694579459552918
days,mdtype_Other,0.01578049281251162
nlabs,mdtype_Other,-0.1110610637841224
nproc,mdtype_Other,0.07137486394373783
meds,mdtype_Other,0.03439584958339046
opv,mdtype_Other,-0.03232540884459932
inptv,mdtype_Other,-0.008575240134221434
erv,mdtype_Other,-0.015966196745283753
g_test,mdtype_Other,-0.012781489163978045
A1Ctest,mdtype_Other,-0.04034842853199238
change,mdtype_Other,-0.01606390219246942
diab_med,mdtype_Other,-0.007363524736262863
readmit,mdtype_Other,-0.03831293053476589
mdtype_Cardiology,mdtype_Other,-0.0844008326274296
mdtype_Emergency/Trauma,mdtype_Other,-0.09862184844854559
mdtype_Family/GeneralPractice,mdtype_Other,-0.09853694413091287
mdtype_InternalMedicine,mdtype_Other,-0.14084208087743558
mdtype_Missing,mdtype_Other,-0.34210903827204137
mdtype_Other,mdtype_Other,1.0
mdtype_Surgery,mdtype_Other,-0.07798749556220658
diag_1_Circulatory,mdtype_Other,-0.11678462928989608
diag_1_Diabetes,mdtype_Other,-0.020929699461915828
diag_1_Digestive,mdtype_Other,-0.05716950333489021
diag_1_Injury,mdtype_Other,0.07301715384320985
diag_1_Missing,mdtype_Other,0.016130337227069812
diag_1_Musculoskeletal,mdtype_Other,0.22501945719378397
diag_1_Other,mdtype_Other,0.07672390932278714
diag_1_Respiratory,mdtype_Other,-0.0706686368878164
diag_2_Circulatory,mdtype_Other,-0.04116190186820101
diag_2_Diabetes,mdtype_Other,0.036942837474551064
diag_2_Digestive,mdtype_Other,-0.022577363313896575
diag_2_Injury,mdtype_Other,0.03073844008558456
diag_2_Missing,mdtype_Other,0.004825723046932263
diag_2_Musculoskeletal,mdtype_Other,0.04367854314997542
diag_2_Other,mdtype_Other,0.021305413953174715
diag_2_Respiratory,mdtype_Other,-0.02806788538605921
diag_3_Circulatory,mdtype_Other,-0.017986143601450007
diag_3_Diabetes,mdtype_Other,0.02342589436137989
diag_3_Digestive,mdtype_Other,-0.016290522281632323
diag_3_Injury,mdtype_Other,0.0024552592772301386
diag_3_Missing,mdtype_Other,0.023685967471968196
diag_3_Musculoskeletal,mdtype_Other,0.02959369558430719
diag_3_Other,mdtype_Other,0.004999339503059043
diag_3_Respiratory,mdtype_Other,-0.023427520301508298
age_encoded,mdtype_Other,-0.0620529394003684
days,mdtype_Surgery,0.012971073811914797
nlabs,mdtype_Surgery,-0.056550252365384024
nproc,mdtype_Surgery,0.09384427407189617
meds,mdtype_Surgery,0.10399947634637802
opv,mdtype_Surgery,0.0010210775153337397
inptv,mdtype_Surgery,-0.014091223919189379
erv,mdtype_Surgery,0.009174085435400034
g_test,mdtype_Surgery,0.007729555681690287
A1Ctest,mdtype_Surgery,-0.03430870035063654
change,mdtype_Surgery,0.005555922924700451
diab_med,mdtype_Surgery,-0.00041640751565850807
readmit,mdtype_Surgery,-0.026223163504372718
mdtype_Cardiology,mdtype_Surgery,-0.05518777504942676
mdtype_Emergency/Trauma,mdtype_Surgery,-0.06448657220199197
mdtype_Family/GeneralPractice,mdtype_Surgery,-0.06443105520960747
mdtype_InternalMedicine,mdtype_Surgery,-0.09209341703142142
mdtype_Missing,mdtype_Surgery,-0.22369727950286916
mdtype_Other,mdtype_Surgery,-0.07798749556220658
mdtype_Surgery,mdtype_Surgery,1.0
diag_1_Circulatory,mdtype_Surgery,0.0025612521657920467
diag_1_Diabetes,mdtype_Surgery,0.012585753520790298
diag_1_Digestive,mdtype_Surgery,0.02305605673136162
diag_1_Injury,mdtype_Surgery,0.05088308661105361
diag_1_Missing,mdtype_Surgery,-0.002856638610275026
diag_1_Musculoskeletal,mdtype_Surgery,0.04886771497712833
diag_1_Other,mdtype_Surgery,-0.02176775618636821
diag_1_Respiratory,mdtype_Surgery,-0.07017426322318927
diag_2_Circulatory,mdtype_Surgery,-0.005428573827031371
diag_2_Diabetes,mdtype_Surgery,0.024976531955410657
diag_2_Digestive,mdtype_Surgery,0.018086781091486873
diag_2_Injury,mdtype_Surgery,0.03715927777644088
diag_2_Missing,mdtype_Surgery,0.00891958512600005
diag_2_Musculoskeletal,mdtype_Surgery,0.02492915953622341
diag_2_Other,mdtype_Surgery,-0.020294592661438564
diag_2_Respiratory,mdtype_Surgery,-0.02647575790934929
diag_3_Circulatory,mdtype_Surgery,-0.001986883570350163
diag_3_Diabetes,mdtype_Surgery,0.021416044807987863
diag_3_Digestive,mdtype_Surgery,-0.005394750570213546
diag_3_Injury,mdtype_Surgery,0.015844368521555914
diag_3_Missing,mdtype_Surgery,0.039029201411447376
diag_3_Musculoskeletal,mdtype_Surgery,0.01382015942621167
diag_3_Other,mdtype_Surgery,-0.027803963958208385
diag_3_Respiratory,mdtype_Surgery,-0.0006410487867092352
age_encoded,mdtype_Surgery,-0.025671600963197184
days,diag_1_Circulatory,-0.04816317913596032
nlabs,diag_1_Circulatory,0.018683114349837472
nproc,diag_1_Circulatory,0.2254284295128343
meds,diag_1_Circulatory,0.06726516357517918
opv,diag_1_Circulatory,-0.029203800633725324
inptv,diag_1_Circulatory,-0.03443929277563837
erv,diag_1_Circulatory,-0.04264758142476591
g_test,diag_1_Circulatory,-0.024595843018590007
A1Ctest,diag_1_Circulatory,0.02300509839414596
change,diag_1_Circulatory,-0.016438698578263466
diab_med,diag_1_Circulatory,0.003972379087235786
readmit,diag_1_Circulatory,0.012352132866698225
mdtype_Cardiology,diag_1_Circulatory,0.22781444644592702
mdtype_Emergency/Trauma,diag_1_Circulatory,-0.013698804420807394
mdtype_Family/GeneralPractice,diag_1_Circulatory,-0.009805427321243575
mdtype_InternalMedicine,diag_1_Circulatory,-0.009547968075319931
mdtype_Missing,diag_1_Circulatory,-0.015022632611402737
mdtype_Other,diag_1_Circulatory,-0.11678462928989608
mdtype_Surgery,diag_1_Circulatory,0.0025612521657920467
diag_1_Circulatory,diag_1_Circulatory,1.0
diag_1_Diabetes,diag_1_Circulatory,-0.18499515816456272
diag_1_Digestive,diag_1_Circulatory,-0.21632305668880875
diag_1_Injury,diag_1_Circulatory,-0.1803417613280459
diag_1_Missing,diag_1_Circulatory,-0.008537842575756929
diag_1_Musculoskeletal,diag_1_Circulatory,-0.15496800762483162
diag_1_Other,diag_1_Circulatory,-0.39997598848114885
diag_1_Respiratory,diag_1_Circulatory,-0.28040368345430056
diag_2_Circulatory,diag_1_Circulatory,0.27993651252063173
diag_2_Diabetes,diag_1_Circulatory,-0.018964136781893463
diag_2_Digestive,diag_1_Circulatory,-0.10102896671200914
diag_2_Injury,diag_1_Circulatory,-0.017578742812019408
diag_2_Missing,diag_1_Circulatory,-0.017154966169977588
diag_2_Musculoskeletal,diag_1_Circulatory,-0.06086845997387599
diag_2_Other,diag_1_Circulatory,-0.2001414992318868
diag_2_Respiratory,diag_1_Circulatory,0.0059998567855277735
diag_3_Circulatory,diag_1_Circulatory,0.14835820004133818
diag_3_Diabetes,diag_1_Circulatory,0.031080062304050648
diag_3_Digestive,diag_1_Circulatory,-0.07377190456271207
diag_3_Injury,diag_1_Circulatory,-0.014836901163633506
diag_3_Missing,diag_1_Circulatory,-0.037499855650230285
diag_3_Musculoskeletal,diag_1_Circulatory,-0.049300636166580404
diag_3_Other,diag_1_Circulatory,-0.12209612467843124
diag_3_Respiratory,diag_1_Circulatory,0.01643862772636573
age_encoded,diag_1_Circulatory,0.07105088314556518
days,diag_1_Diabetes,0.03230816807659917
nlabs,diag_1_Diabetes,0.03349114258378767
nproc,diag_1_Diabetes,-0.047071727070118884
meds,diag_1_Diabetes,-0.027347503357658724
opv,diag_1_Diabetes,0.03358535883589263
inptv,diag_1_Diabetes,0.03448716700334711
erv,diag_1_Diabetes,0.029225420782747796
g_test,diag_1_Diabetes,0.008675743008959501
A1Ctest,diag_1_Diabetes,0.10161178805721367
change,diag_1_Diabetes,0.07340121009449471
diab_med,diag_1_Diabetes,0.048531764555195395
readmit,diag_1_Diabetes,0.03634889143301356
mdtype_Cardiology,diag_1_Diabetes,-0.054740704522821045
mdtype_Emergency/Trauma,diag_1_Diabetes,0.008483285002786368
mdtype_Family/GeneralPractice,diag_1_Diabetes,0.018723386626954396
mdtype_InternalMedicine,diag_1_Diabetes,0.01789343583434433
mdtype_Missing,diag_1_Diabetes,0.005882586269259815
mdtype_Other,diag_1_Diabetes,-0.020929699461915828
mdtype_Surgery,diag_1_Diabetes,0.012585753520790298
diag_1_Circulatory,diag_1_Diabetes,-0.18499515816456272
diag_1_Diabetes,diag_1_Diabetes,1.0
diag_1_Digestive,diag_1_Diabetes,-0.08785295269154629
diag_1_Injury,diag_1_Diabetes,-0.0732402568120822
diag_1_Missing,diag_1_Diabetes,-0.0034673820321190294
diag_1_Musculoskeletal,diag_1_Diabetes,-0.06293548755717002
diag_1_Other,diag_1_Diabetes,-0.16243793949499447
diag_1_Respiratory,diag_1_Diabetes,-0.11387732733678735
diag_2_Circulatory,diag_1_Diabetes,-0.036637751411364605
diag_2_Diabetes,diag_1_Diabetes,-0.09010629089275149
diag_2_Digestive,diag_1_Diabetes,0.0064953816927966115
diag_2_Injury,diag_1_Diabetes,-0.02096339808201111
diag_2_Missing,diag_1_Diabetes,0.027066939363317586
diag_2_Musculoskeletal,diag_1_Diabetes,0.05119693162070974
diag_2_Other,diag_1_Diabetes,0.11724202183082588
diag_2_Respiratory,diag_1_Diabetes,-0.05052910232878155
diag_3_Circulatory,diag_1_Diabetes,-0.03233516532353182
diag_3_Diabetes,diag_1_Diabetes,-0.10796905854733736
diag_3_Digestive,diag_1_Diabetes,0.011683077169006956
diag_3_Injury,diag_1_Diabetes,-0.009793277119934586
diag_3_Missing,diag_1_Diabetes,0.03789802095649209
diag_3_Musculoskeletal,diag_1_Diabetes,0.05071037621000879
diag_3_Other,diag_1_Diabetes,0.10746187045006764
diag_3_Respiratory,diag_1_Diabetes,-0.02703097508824821
age_encoded,diag_1_Diabetes,-0.10532609565900188
days,diag_1_Digestive,-0.005675617176074806
nlabs,diag_1_Digestive,0.03372236385331506
nproc,diag_1_Digestive,0.012304753942704054
meds,diag_1_Digestive,-0.05236196900293422
opv,diag_1_Digestive,0.0112418748491121
inptv,diag_1_Digestive,0.00799470700601205
erv,diag_1_Digestive,0.00783107775945312
g_test,diag_1_Digestive,0.008760139776192248
A1Ctest,diag_1_Digestive,-0.030956261957290683
change,diag_1_Digestive,-0.07996933996570431
diab_med,diag_1_Digestive,-0.07063289921108173
readmit,diag_1_Digestive,0.002756576430616211
mdtype_Cardiology,diag_1_Digestive,-0.059831449386437405
mdtype_Emergency/Trauma,diag_1_Digestive,0.005417200896025107
mdtype_Family/GeneralPractice,diag_1_Digestive,0.013390894162563555
mdtype_InternalMedicine,diag_1_Digestive,0.03734428476287002
mdtype_Missing,diag_1_Digestive,0.016925990708400743
mdtype_Other,diag_1_Digestive,-0.05716950333489021
mdtype_Surgery,diag_1_Digestive,0.02305605673136162
diag_1_Circulatory,diag_1_Digestive,-0.21632305668880875
diag_1_Diabetes,diag_1_Digestive,-0.08785295269154629
diag_1_Digestive,diag_1_Digestive,1.0
diag_1_Injury,diag_1_Digestive,-0.08564308592427855
diag_1_Missing,diag_1_Digestive,-0.004054563845550034
diag_1_Musculoskeletal,diag_1_Digestive,-0.07359326145420968
diag_1_Other,diag_1_Digestive,-0.18994589881390708
diag_1_Respiratory,diag_1_Digestive,-0.1331618177548877
diag_2_Circulatory,diag_1_Digestive,-0.09333955419074395
diag_2_Diabetes,diag_1_Digestive,0.006559551737741971
diag_2_Digestive,diag_1_Digestive,0.21799129836509476
diag_2_Injury,diag_1_Digestive,-0.01907476686393715
diag_2_Missing,diag_1_Digestive,-0.00642749562284143
diag_2_Musculoskeletal,diag_1_Digestive,-0.024123381782862902
diag_2_Other,diag_1_Digestive,0.03502937139076544
diag_2_Respiratory,diag_1_Digestive,-0.03476577636666009
diag_3_Circulatory,diag_1_Digestive,-0.04862197443811402
diag_3_Diabetes,diag_1_Digestive,-0.003277360413647864
diag_3_Digestive,diag_1_Digestive,0.16969503280013717
diag_3_Injury,diag_1_Digestive,-0.01960439360620075
diag_3_Missing,diag_1_Digestive,-0.00040470076601736545
diag_3_Musculoskeletal,diag_1_Digestive,-0.02510760769374142
diag_3_Other,diag_1_Digestive,0.00045523919043777186
diag_3_Respiratory,diag_1_Digestive,-0.009004400168958484
age_encoded,diag_1_Digestive,-0.01793515591191114
days,diag_1_Injury,0.016766888311008112
nlabs,diag_1_Injury,-0.032145784085529885
nproc,diag_1_Injury,0.04198389032274961
meds,diag_1_Injury,0.043387967283802904
opv,diag_1_Injury,-0.004618235385187921
inptv,diag_1_Injury,0.019445087248889548
erv,diag_1_Injury,-0.003960635369124308
g_test,diag_1_Injury,-0.015247102931902764
A1Ctest,diag_1_Injury,-0.044017576727269116
change,diag_1_Injury,-0.002432769314845284
diab_med,diag_1_Injury,-0.007366253101863263
readmit,diag_1_Injury,-0.018087452433939697
mdtype_Cardiology,diag_1_Injury,-0.03887389945296481
mdtype_Emergency/Trauma,diag_1_Injury,0.006307441583425107
mdtype_Family/GeneralPractice,diag_1_Injury,-0.043413161600454664
mdtype_InternalMedicine,diag_1_Injury,-0.04429613450280576
mdtype_Missing,diag_1_Injury,0.0015601557575426696
mdtype_Other,diag_1_Injury,0.07301715384320985
mdtype_Surgery,diag_1_Injury,0.05088308661105361
diag_1_Circulatory,diag_1_Injury,-0.1803417613280459
diag_1_Diabetes,diag_1_Injury,-0.0732402568120822
diag_1_Digestive,diag_1_Injury,-0.08564308592427855
diag_1_Injury,diag_1_Injury,1.0
diag_1_Missing,diag_1_Injury,-0.003380162967904916
diag_1_Musculoskeletal,diag_1_Injury,-0.06135239856387576
diag_1_Other,diag_1_Injury,-0.15835195042762745
diag_1_Respiratory,diag_1_Injury,-0.11101283942241519
diag_2_Circulatory,diag_1_Injury,-0.05410577498427209
diag_2_Diabetes,diag_1_Injury,-0.01684160075979354
diag_2_Digestive,diag_1_Injury,-0.011477846224064532
diag_2_Injury,diag_1_Injury,0.12522227079379797
diag_2_Missing,diag_1_Injury,0.06736512246107822
diag_2_Musculoskeletal,diag_1_Injury,0.006953978103558081
diag_2_Other,diag_1_Injury,0.047553314866224945
diag_2_Respiratory,diag_1_Injury,-0.039428088424332465
diag_3_Circulatory,diag_1_Injury,-0.0296123809585886
diag_3_Diabetes,diag_1_Injury,-0.010643432328762518
diag_3_Digestive,diag_1_Injury,-0.029061230324190283
diag_3_Injury,diag_1_Injury,0.09635086978066504
diag_3_Missing,diag_1_Injury,0.019892032938157816
diag_3_Musculoskeletal,diag_1_Injury,0.011612940813959952
diag_3_Other,diag_1_Injury,0.02536625105102069
diag_3_Respiratory,diag_1_Injury,-0.020272133245388204
age_encoded,diag_1_Injury,0.01386076705414391
days,diag_1_Missing,-0.0008569382689414128
nlabs,diag_1_Missing,-0.010366600390563233
nproc,diag_1_Missing,-0.0025988456873369675
meds,diag_1_Missing,-0.0035349660401997347
opv,diag_1_Missing,0.0014137356468078652
inptv,diag_1_Missing,-0.006614982109911596
erv,diag_1_Missing,0.004475388205229929
g_test,diag_1_Missing,-0.0028866100661390434
A1Ctest,diag_1_Missing,-0.005342135198164864
change,diag_1_Missing,0.0010121985530397925
diab_med,diag_1_Missing,0.006930919299521736
readmit,diag_1_Missing,0.0007563073945572947
mdtype_Cardiology,diag_1_Missing,-0.003091555581888843
mdtype_Emergency/Trauma,diag_1_Missing,-0.003612463486150608
mdtype_Family/GeneralPractice,diag_1_Missing,-0.0036093534881928508
mdtype_InternalMedicine,diag_1_Missing,-0.005158967130378367
mdtype_Missing,diag_1_Missing,0.00011942247940488092
mdtype_Other,diag_1_Missing,0.016130337227069812
mdtype_Surgery,diag_1_Missing,-0.002856638610275026
diag_1_Circulatory,diag_1_Missing,-0.008537842575756929
diag_1_Diabetes,diag_1_Missing,-0.0034673820321190294
diag_1_Digestive,diag_1_Missing,-0.004054563845550034
diag_1_Injury,diag_1_Missing,-0.003380162967904916
diag_1_Missing,diag_1_Missing,1.0
diag_1_Musculoskeletal,diag_1_Missing,-0.0029045802631961024
diag_1_Other,diag_1_Missing,-0.00749678839975313
diag_1_Respiratory,diag_1_Missing,-0.005255633192759299
diag_2_Circulatory,diag_1_Missing,-0.0020347802053310867
diag_2_Diabetes,diag_1_Missing,0.00527929616865135
diag_2_Digestive,diag_1_Missing,-0.002545665774096429
diag_2_Injury,diag_1_Missing,-0.0019684005803739133
diag_2_Missing,diag_1_Missing,-0.0005189368277611553
diag_2_Musculoskeletal,diag_1_Missing,-0.0016655650928208477
diag_2_Other,diag_1_Missing,0.0036256930215660477
diag_2_Respiratory,diag_1_Missing,-0.004557386631677499
diag_3_Circulatory,diag_1_Missing,-0.0015747088958696178
diag_3_Diabetes,diag_1_Missing,0.0026765776543236355
diag_3_Digestive,diag_1_Missing,-0.0024670512142557608
diag_3_Injury,diag_1_Missing,-0.0017396098035300826
diag_3_Missing,diag_1_Missing,-0.0011245063494855177
diag_3_Musculoskeletal,diag_1_Missing,-0.0017223401186684236
diag_3_Other,diag_1_Missing,-0.0030040998807977755
diag_3_Respiratory,diag_1_Missing,0.008247731434973253
age_encoded,diag_1_Missing,0.00871042363819641
days,diag_1_Musculoskeletal,-0.04586089078289117
nlabs,diag_1_Musculoskeletal,-0.12704926069678574
nproc,diag_1_Musculoskeletal,0.04435776161419571
meds,diag_1_Musculoskeletal,0.1027957288720772
opv,diag_1_Musculoskeletal,-0.0033340108718769136
inptv,diag_1_Musculoskeletal,-0.06339488630980966
erv,diag_1_Musculoskeletal,-0.018554179121937662
g_test,diag_1_Musculoskeletal,-0.022444408634092528
A1Ctest,diag_1_Musculoskeletal,-0.03569404998865964
change,diag_1_Musculoskeletal,0.016900296203092774
diab_med,diag_1_Musculoskeletal,0.018305497951529887
readmit,diag_1_Musculoskeletal,-0.034407410963371216
mdtype_Cardiology,diag_1_Musculoskeletal,-0.04975208367973028
mdtype_Emergency/Trauma,diag_1_Musculoskeletal,-0.04334229018306564
mdtype_Family/GeneralPractice,diag_1_Musculoskeletal,-0.03284326654196683
mdtype_InternalMedicine,diag_1_Musculoskeletal,-0.05220468823643924
mdtype_Missing,diag_1_Musculoskeletal,-0.06018901829616828
mdtype_Other,diag_1_Musculoskeletal,0.22501945719378397
mdtype_Surgery,diag_1_Musculoskeletal,0.04886771497712833
diag_1_Circulatory,diag_1_Musculoskeletal,-0.15496800762483162
diag_1_Diabetes,diag_1_Musculoskeletal,-0.06293548755717002
diag_1_Digestive,diag_1_Musculoskeletal,-0.07359326145420968
diag_1_Injury,diag_1_Musculoskeletal,-0.06135239856387576
diag_1_Missing,diag_1_Musculoskeletal,-0.0029045802631961024
diag_1_Musculoskeletal,diag_1_Musculoskeletal,1.0
diag_1_Other,diag_1_Musculoskeletal,-0.13607212262187907
diag_1_Respiratory,diag_1_Musculoskeletal,-0.09539353735585171
diag_2_Circulatory,diag_1_Musculoskeletal,-0.03614984818633353
diag_2_Diabetes,diag_1_Musculoskeletal,0.07522424105288787
diag_2_Digestive,diag_1_Musculoskeletal,-0.027240878119142463
diag_2_Injury,diag_1_Musculoskeletal,0.012557480115342749
diag_2_Missing,diag_1_Musculoskeletal,-0.009419078129836254
diag_2_Musculoskeletal,diag_1_Musculoskeletal,0.14264746709484202
diag_2_Other,diag_1_Musculoskeletal,-0.025382766978829817
diag_2_Respiratory,diag_1_Musculoskeletal,-0.030383630274346582
diag_3_Circulatory,diag_1_Musculoskeletal,-0.014274136554399913
diag_3_Diabetes,diag_1_Musculoskeletal,0.051995889209533304
diag_3_Digestive,diag_1_Musculoskeletal,-0.023303672578947655
diag_3_Injury,diag_1_Musculoskeletal,0.011907218327175615
diag_3_Missing,diag_1_Musculoskeletal,0.025335922596646323
diag_3_Musculoskeletal,diag_1_Musculoskeletal,0.09770123385624964
diag_3_Other,diag_1_Musculoskeletal,-0.03737728869649574
diag_3_Respiratory,diag_1_Musculoskeletal,-0.028205401174817697
age_encoded,diag_1_Musculoskeletal,-0.017820462327624985
days,diag_1_Other,0.07667415176596123
nlabs,diag_1_Other,0.0019951096794539203
nproc,diag_1_Other,-0.12594999536676532
meds,diag_1_Other,-0.10304470357527672
opv,diag_1_Other,0.010614446351454003
inptv,diag_1_Other,0.02086546091931718
erv,diag_1_Other,0.018992016230394503
g_test,diag_1_Other,-0.003962058190402823
A1Ctest,diag_1_Other,-0.025519907388866253
change,diag_1_Other,-0.006561815448127142
diab_med,diag_1_Other,-0.013362558027528018
readmit,diag_1_Other,-0.02249378409544022
mdtype_Cardiology,diag_1_Other,-0.1017253447567379
mdtype_Emergency/Trauma,diag_1_Other,-0.00032786565119554285
mdtype_Family/GeneralPractice,diag_1_Other,-0.0052435501515673355
mdtype_InternalMedicine,diag_1_Other,0.00531697088923147
mdtype_Missing,diag_1_Other,0.008148385220848209
mdtype_Other,diag_1_Other,0.07672390932278714
mdtype_Surgery,diag_1_Other,-0.02176775618636821
diag_1_Circulatory,diag_1_Other,-0.39997598848114885
diag_1_Diabetes,diag_1_Other,-0.16243793949499447
diag_1_Digestive,diag_1_Other,-0.18994589881390708
diag_1_Injury,diag_1_Other,-0.15835195042762745
diag_1_Missing,diag_1_Other,-0.00749678839975313
diag_1_Musculoskeletal,diag_1_Other,-0.13607212262187907
diag_1_Other,diag_1_Other,1.0
diag_1_Respiratory,diag_1_Other,-0.24621291183526992
diag_2_Circulatory,diag_1_Other,-0.1575189490260351
diag_2_Diabetes,diag_1_Other,0.012426925412006615
diag_2_Digestive,diag_1_Other,0.016079090925005958
diag_2_Injury,diag_1_Other,0.004434622366857185
diag_2_Missing,diag_1_Other,-0.015403040360747976
diag_2_Musculoskeletal,diag_1_Other,-0.012491278038784439
diag_2_Other,diag_1_Other,0.17725451939742395
diag_2_Respiratory,diag_1_Other,-0.053051611527724515
diag_3_Circulatory,diag_1_Other,-0.09580879231935248
diag_3_Diabetes,diag_1_Other,-0.001338631316380092
diag_3_Digestive,diag_1_Other,0.010151983958786434
diag_3_Injury,diag_1_Other,-0.001083130923346856
diag_3_Missing,diag_1_Other,0.005227950865618094
diag_3_Musculoskeletal,diag_1_Other,-0.002908908454193969
diag_3_Other,diag_1_Other,0.10042715087890716
diag_3_Respiratory,diag_1_Other,-0.020488310063010662
age_encoded,diag_1_Other,-0.0006302642008092841
days,diag_1_Respiratory,-0.03401184143513061
nlabs,diag_1_Respiratory,0.022524480251111378
nproc,diag_1_Respiratory,-0.17210797179875043
meds,diag_1_Respiratory,0.008462237286873335
opv,diag_1_Respiratory,-0.0030552773276656276
inptv,diag_1_Respiratory,0.013443738128515808
erv,diag_1_Respiratory,0.018901477998180816
g_test,diag_1_Respiratory,0.04831765042808893
A1Ctest,diag_1_Respiratory,0.006910123561300778
change,diag_1_Respiratory,0.03369611361894034
diab_med,diag_1_Respiratory,0.028033890429003682
readmit,diag_1_Respiratory,0.01714828337742846
mdtype_Cardiology,diag_1_Respiratory,-0.02565457917883049
mdtype_Emergency/Trauma,diag_1_Respiratory,0.030156535144071787
mdtype_Family/GeneralPractice,diag_1_Respiratory,0.04577179368778552
mdtype_InternalMedicine,diag_1_Respiratory,0.025904702345229652
mdtype_Missing,diag_1_Respiratory,0.027405754210051828
mdtype_Other,diag_1_Respiratory,-0.0706686368878164
mdtype_Surgery,diag_1_Respiratory,-0.07017426322318927
diag_1_Circulatory,diag_1_Respiratory,-0.28040368345430056
diag_1_Diabetes,diag_1_Respiratory,-0.11387732733678735
diag_1_Digestive,diag_1_Respiratory,-0.1331618177548877
diag_1_Injury,diag_1_Respiratory,-0.11101283942241519
diag_1_Missing,diag_1_Respiratory,-0.005255633192759299
diag_1_Musculoskeletal,diag_1_Respiratory,-0.09539353735585171
diag_1_Other,diag_1_Respiratory,-0.24621291183526992
diag_1_Respiratory,diag_1_Respiratory,1.0
diag_2_Circulatory,diag_1_Respiratory,-0.008030302747932422
diag_2_Diabetes,diag_1_Respiratory,0.03425059949189675
diag_2_Digestive,diag_1_Respiratory,-0.04624681642048108
diag_2_Injury,diag_1_Respiratory,-0.04755554527613875
diag_2_Missing,diag_1_Respiratory,-0.014286435817330193
diag_2_Musculoskeletal,diag_1_Respiratory,-0.014574157017458782
diag_2_Other,diag_1_Respiratory,-0.08856186671264138
diag_2_Respiratory,diag_1_Respiratory,0.16931933365135957
diag_3_Circulatory,diag_1_Respiratory,0.017278507883835992
diag_3_Diabetes,diag_1_Respiratory,0.01674779224322182
diag_3_Digestive,diag_1_Respiratory,-0.028744717655549614
diag_3_Injury,diag_1_Respiratory,-0.031201808979345304
diag_3_Missing,diag_1_Respiratory,-0.013890291831186164
diag_3_Musculoskeletal,diag_1_Respiratory,-0.016026546733895534
diag_3_Other,diag_1_Respiratory,-0.036961654173754584
diag_3_Respiratory,diag_1_Respiratory,0.06202389789765523
age_encoded,diag_1_Respiratory,-0.0008033530371921234
days,diag_2_Circulatory,-0.045550232107740736
nlabs,diag_2_Circulatory,-0.01437731647978459
nproc,diag_2_Circulatory,0.12772660983691073
meds,diag_2_Circulatory,0.049476015463041575
opv,diag_2_Circulatory,-0.007734419312372867
inptv,diag_2_Circulatory,-0.012989919847815135
erv,diag_2_Circulatory,-0.037857784525108525
g_test,diag_2_Circulatory,-0.03038271948734816
A1Ctest,diag_2_Circulatory,-0.006333392631674504
change,diag_2_Circulatory,-0.03659246229526945
diab_med,diag_2_Circulatory,-0.0166181409070411
readmit,diag_2_Circulatory,0.018426260095863702
mdtype_Cardiology,diag_2_Circulatory,0.14755548932162024
mdtype_Emergency/Trauma,diag_2_Circulatory,-0.01788268197764298
mdtype_Family/GeneralPractice,diag_2_Circulatory,-0.01855069102140677
mdtype_InternalMedicine,diag_2_Circulatory,-0.010232728375260257
mdtype_Missing,diag_2_Circulatory,-0.013935462770630624
mdtype_Other,diag_2_Circulatory,-0.04116190186820101
mdtype_Surgery,diag_2_Circulatory,-0.005428573827031371
diag_1_Circulatory,diag_2_Circulatory,0.27993651252063173
diag_1_Diabetes,diag_2_Circulatory,-0.036637751411364605
diag_1_Digestive,diag_2_Circulatory,-0.09333955419074395
diag_1_Injury,diag_2_Circulatory,-0.05410577498427209
diag_1_Missing,diag_2_Circulatory,-0.0020347802053310867
diag_1_Musculoskeletal,diag_2_Circulatory,-0.03614984818633353
diag_1_Other,diag_2_Circulatory,-0.1575189490260351
diag_1_Respiratory,diag_2_Circulatory,-0.008030302747932422
diag_2_Circulatory,diag_2_Circulatory,1.0
diag_2_Diabetes,diag_2_Circulatory,-0.2518585311365462
diag_2_Digestive,diag_2_Circulatory,-0.13975027848154456
diag_2_Injury,diag_2_Circulatory,-0.10805995510865077
diag_2_Missing,diag_2_Circulatory,-0.0284882512590215
diag_2_Musculoskeletal,diag_2_Circulatory,-0.09143509250874515
diag_2_Other,diag_2_Circulatory,-0.5233781649023077
diag_2_Respiratory,diag_2_Circulatory,-0.25018840155914057
diag_3_Circulatory,diag_2_Circulatory,0.07924353788157867
diag_3_Diabetes,diag_2_Circulatory,0.07689034206489978
diag_3_Digestive,diag_2_Circulatory,-0.06408857236778366
diag_3_Injury,diag_2_Circulatory,-0.022119732734049515
diag_3_Missing,diag_2_Circulatory,-0.05398809270429304
diag_3_Musculoskeletal,diag_2_Circulatory,-0.033875705582861744
diag_3_Other,diag_2_Circulatory,-0.09758795446956557
diag_3_Respiratory,diag_2_Circulatory,0.02180870929293128
age_encoded,diag_2_Circulatory,0.09312061222051322
days,diag_2_Diabetes,-0.09103418370437412
nlabs,diag_2_Diabetes,-0.0601427325511804
nproc,diag_2_Diabetes,-0.04853027637212241
meds,diag_2_Diabetes,-0.0858150985664375
opv,diag_2_Diabetes,-0.028892348472420205
inptv,diag_2_Diabetes,-0.04121197713679287
erv,diag_2_Diabetes,-0.01370201638319936
g_test,diag_2_Diabetes,0.025365309401804828
A1Ctest,diag_2_Diabetes,0.04422311566468667
change,diag_2_Diabetes,0.03778287379836141
diab_med,diag_2_Diabetes,0.03315122343665527
readmit,diag_2_Diabetes,-0.02082506625567546
mdtype_Cardiology,diag_2_Diabetes,0.0006590473094477218
mdtype_Emergency/Trauma,diag_2_Diabetes,-0.011869724065233643
mdtype_Family/GeneralPractice,diag_2_Diabetes,0.02281624949633644
mdtype_InternalMedicine,diag_2_Diabetes,0.024128953170701812
mdtype_Missing,diag_2_Diabetes,-0.056482979835813255
mdtype_Other,diag_2_Diabetes,0.036942837474551064
mdtype_Surgery,diag_2_Diabetes,0.024976531955410657
diag_1_Circulatory,diag_2_Diabetes,-0.018964136781893463
diag_1_Diabetes,diag_2_Diabetes,-0.09010629089275149
diag_1_Digestive,diag_2_Diabetes,0.006559551737741971
diag_1_Injury,diag_2_Diabetes,-0.01684160075979354
diag_1_Missing,diag_2_Diabetes,0.00527929616865135
diag_1_Musculoskeletal,diag_2_Diabetes,0.07522424105288787
diag_1_Other,diag_2_Diabetes,0.012426925412006615
diag_1_Respiratory,diag_2_Diabetes,0.03425059949189675
diag_2_Circulatory,diag_2_Diabetes,-0.2518585311365462
diag_2_Diabetes,diag_2_Diabetes,1.0
diag_2_Digestive,diag_2_Diabetes,-0.07298225467310508
diag_2_Injury,diag_2_Diabetes,-0.05643251125789582
diag_2_Missing,diag_2_Diabetes,-0.014877514600816402
diag_2_Musculoskeletal,diag_2_Diabetes,-0.04775045373819012
diag_2_Other,diag_2_Diabetes,-0.27332552704921403
diag_2_Respiratory,diag_2_Diabetes,-0.13065672453209207
diag_3_Circulatory,diag_2_Diabetes,0.07913157645080528
diag_3_Diabetes,diag_2_Diabetes,-0.14148790077247647
diag_3_Digestive,diag_2_Diabetes,0.0016767173683082189
diag_3_Injury,diag_2_Diabetes,-0.019358628713924048
diag_3_Missing,diag_2_Diabetes,0.14322519466456038
diag_3_Musculoskeletal,diag_2_Diabetes,0.007572364395327175
diag_3_Other,diag_2_Diabetes,0.032262119724897675
diag_3_Respiratory,diag_2_Diabetes,-0.03829073740669515
age_encoded,diag_2_Diabetes,-0.10937623940818894
days,diag_2_Digestive,0.015636537501286858
nlabs,diag_2_Digestive,0.009650481111785012
nproc,diag_2_Digestive,0.022085574644663233
meds,diag_2_Digestive,-0.01995201585491397
opv,diag_2_Digestive,0.003026356942036579
inptv,diag_2_Digestive,0.008896803964313534
erv,diag_2_Digestive,0.00827375094403903
g_test,diag_2_Digestive,0.002739750479886323
A1Ctest,diag_2_Digestive,-0.02476049566605297
change,diag_2_Digestive,-0.04137049098268858
diab_med,diag_2_Digestive,-0.039437538445574426
readmit,diag_2_Digestive,-0.010966843673656065
mdtype_Cardiology,diag_2_Digestive,-0.0375213939654766
mdtype_Emergency/Trauma,diag_2_Digestive,0.0098976919155157
mdtype_Family/GeneralPractice,diag_2_Digestive,0.013131975298970576
mdtype_InternalMedicine,diag_2_Digestive,0.005471336504935585
mdtype_Missing,diag_2_Digestive,0.007484161913381825
mdtype_Other,diag_2_Digestive,-0.022577363313896575
mdtype_Surgery,diag_2_Digestive,0.018086781091486873
diag_1_Circulatory,diag_2_Digestive,-0.10102896671200914
diag_1_Diabetes,diag_2_Digestive,0.0064953816927966115
diag_1_Digestive,diag_2_Digestive,0.21799129836509476
diag_1_Injury,diag_2_Digestive,-0.011477846224064532
diag_1_Missing,diag_2_Digestive,-0.002545665774096429
diag_1_Musculoskeletal,diag_2_Digestive,-0.027240878119142463
diag_1_Other,diag_2_Digestive,0.016079090925005958
diag_1_Respiratory,diag_2_Digestive,-0.04624681642048108
diag_2_Circulatory,diag_2_Digestive,-0.13975027848154456
diag_2_Diabetes,diag_2_Digestive,-0.07298225467310508
diag_2_Digestive,diag_2_Digestive,1.0
diag_2_Injury,diag_2_Digestive,-0.03131305152982202
diag_2_Missing,diag_2_Digestive,-0.008255177218714556
diag_2_Musculoskeletal,diag_2_Digestive,-0.026495585348722313
diag_2_Other,diag_2_Digestive,-0.1516618013647271
diag_2_Respiratory,diag_2_Digestive,-0.0724982932142447
diag_3_Circulatory,diag_2_Digestive,-0.05339976006003771
diag_3_Diabetes,diag_2_Digestive,0.007789418748389247
diag_3_Digestive,diag_2_Digestive,0.14239206355147488
diag_3_Injury,diag_2_Digestive,-0.006219839158913319
diag_3_Missing,diag_2_Digestive,-0.008508450959648082
diag_3_Musculoskeletal,diag_2_Digestive,-0.015021150798945932
diag_3_Other,diag_2_Digestive,0.008404530574740651
diag_3_Respiratory,diag_2_Digestive,-0.020632468969746572
age_encoded,diag_2_Digestive,-0.038802833103151385
days,diag_2_Injury,0.04167541337882639
nlabs,diag_2_Injury,-0.009914565148556848
nproc,diag_2_Injury,0.08408469645672421
meds,diag_2_Injury,0.06208974821312903
opv,diag_2_Injury,-0.006065967233446038
inptv,diag_2_Injury,-0.01878275321986808
erv,diag_2_Injury,-0.013457996838944355
g_test,diag_2_Injury,-0.013643941090950408
A1Ctest,diag_2_Injury,-0.02778284811404533
change,diag_2_Injury,0.0026777882772904033
diab_med,diag_2_Injury,0.013402011086540445
readmit,diag_2_Injury,-0.019974180517892917
mdtype_Cardiology,diag_2_Injury,-0.008344230716229289
mdtype_Emergency/Trauma,diag_2_Injury,-0.00853716031156199
mdtype_Family/GeneralPractice,diag_2_Injury,-0.013462128686226482
mdtype_InternalMedicine,diag_2_Injury,-0.02129153397656631
mdtype_Missing,diag_2_Injury,-0.004586936216189903
mdtype_Other,diag_2_Injury,0.03073844008558456
mdtype_Surgery,diag_2_Injury,0.03715927777644088
diag_1_Circulatory,diag_2_Injury,-0.017578742812019408
diag_1_Diabetes,diag_2_Injury,-0.02096339808201111
diag_1_Digestive,diag_2_Injury,-0.01907476686393715
diag_1_Injury,diag_2_Injury,0.12522227079379797
diag_1_Missing,diag_2_Injury,-0.0019684005803739133
diag_1_Musculoskeletal,diag_2_Injury,0.012557480115342749
diag_1_Other,diag_2_Injury,0.004434622366857185
diag_1_Respiratory,diag_2_Injury,-0.04755554527613875
diag_2_Circulatory,diag_2_Injury,-0.10805995510865077
diag_2_Diabetes,diag_2_Injury,-0.05643251125789582
diag_2_Digestive,diag_2_Injury,-0.03131305152982202
diag_2_Injury,diag_2_Injury,1.0
diag_2_Missing,diag_2_Injury,-0.006383200730337385
diag_2_Musculoskeletal,diag_2_Injury,-0.02048734209669907
diag_2_Other,diag_2_Injury,-0.11727037416482708
diag_2_Respiratory,diag_2_Injury,-0.05605829480489864
diag_3_Circulatory,diag_2_Injury,-0.015233001683193597
diag_3_Diabetes,diag_2_Injury,-0.022917547370205838
diag_3_Digestive,diag_2_Injury,0.010294279685877284
diag_3_Injury,diag_2_Injury,0.08394449973194547
diag_3_Missing,diag_2_Injury,0.010050061897312274
diag_3_Musculoskeletal,diag_2_Injury,0.0044194497645018834
diag_3_Other,diag_2_Injury,0.005859913712593212
diag_3_Respiratory,diag_2_Injury,-0.007197674423239761
age_encoded,diag_2_Injury,-0.012282763043003074
days,diag_2_Missing,-0.01010087603328995
nlabs,diag_2_Missing,-0.008235939830854107
nproc,diag_2_Missing,-0.008997099353611019
meds,diag_2_Missing,-0.022732653917679566
opv,diag_2_Missing,-0.0093049799964801
inptv,diag_2_Missing,-0.01067188743395715
erv,diag_2_Missing,-0.007538513757387966
g_test,diag_2_Missing,-0.009360803723639453
A1Ctest,diag_2_Missing,0.006625717760819157
change,diag_2_Missing,-0.004556346232988514
diab_med,diag_2_Missing,-0.009973684789004207
readmit,diag_2_Missing,-0.005375138319744708
mdtype_Cardiology,diag_2_Missing,-0.0057901316476018936
mdtype_Emergency/Trauma,diag_2_Missing,0.006781373982162709
mdtype_Family/GeneralPractice,diag_2_Missing,0.0031030867374122147
mdtype_InternalMedicine,diag_2_Missing,0.008410094380998054
mdtype_Missing,diag_2_Missing,-0.015240962629362186
mdtype_Other,diag_2_Missing,0.004825723046932263
mdtype_Surgery,diag_2_Missing,0.00891958512600005
diag_1_Circulatory,diag_2_Missing,-0.017154966169977588
diag_1_Diabetes,diag_2_Missing,0.027066939363317586
diag_1_Digestive,diag_2_Missing,-0.00642749562284143
diag_1_Injury,diag_2_Missing,0.06736512246107822
diag_1_Missing,diag_2_Missing,-0.0005189368277611553
diag_1_Musculoskeletal,diag_2_Missing,-0.009419078129836254
diag_1_Other,diag_2_Missing,-0.015403040360747976
diag_1_Respiratory,diag_2_Missing,-0.014286435817330193
diag_2_Circulatory,diag_2_Missing,-0.0284882512590215
diag_2_Diabetes,diag_2_Missing,-0.014877514600816402
diag_2_Digestive,diag_2_Missing,-0.008255177218714556
diag_2_Injury,diag_2_Missing,-0.006383200730337385
diag_2_Missing,diag_2_Missing,1.0
diag_2_Musculoskeletal,diag_2_Missing,-0.005401154837547857
diag_2_Other,diag_2_Missing,-0.03091642857974503
diag_2_Respiratory,diag_2_Missing,-0.014778858513762354
diag_3_Circulatory,diag_2_Missing,-0.020981855931825867
diag_3_Diabetes,diag_2_Missing,0.004783405959799669
diag_3_Digestive,diag_2_Missing,-0.008000243075332685
diag_3_Injury,diag_2_Missing,-0.005641269708570174
diag_3_Missing,diag_2_Missing,0.22891654389363958
diag_3_Musculoskeletal,diag_2_Missing,0.0017214663698519287
diag_3_Other,diag_2_Missing,-0.01684555785479106
diag_3_Respiratory,diag_2_Missing,-0.008142654629776182
age_encoded,diag_2_Missing,0.00040606906004050556
days,diag_2_Musculoskeletal,0.013374983196192763
nlabs,diag_2_Musculoskeletal,-0.03887217322952116
nproc,diag_2_Musculoskeletal,0.018181282820408262
meds,diag_2_Musculoskeletal,0.012403563528711053
opv,diag_2_Musculoskeletal,0.009543566152587191
inptv,diag_2_Musculoskeletal,-0.0011542203110783667
erv,diag_2_Musculoskeletal,-0.004009357267695882
g_test,diag_2_Musculoskeletal,-0.008657034618054038
A1Ctest,diag_2_Musculoskeletal,0.00455249726768133
change,diag_2_Musculoskeletal,0.00929484776265616
diab_med,diag_2_Musculoskeletal,0.003927505547863221
readmit,diag_2_Musculoskeletal,-0.0020361745527388846
mdtype_Cardiology,diag_2_Musculoskeletal,-0.024136088512848645
mdtype_Emergency/Trauma,diag_2_Musculoskeletal,-0.011846562061574906
mdtype_Family/GeneralPractice,diag_2_Musculoskeletal,-0.011795348055479602
mdtype_InternalMedicine,diag_2_Musculoskeletal,-0.010383766694806356
mdtype_Missing,diag_2_Musculoskeletal,-0.006793222820409557
mdtype_Other,diag_2_Musculoskeletal,0.04367854314997542
mdtype_Surgery,diag_2_Musculoskeletal,0.02492915953622341
diag_1_Circulatory,diag_2_Musculoskeletal,-0.06086845997387599
diag_1_Diabetes,diag_2_Musculoskeletal,0.05119693162070974
diag_1_Digestive,diag_2_Musculoskeletal,-0.024123381782862902
diag_1_Injury,diag_2_Musculoskeletal,0.006953978103558081
diag_1_Missing,diag_2_Musculoskeletal,-0.0016655650928208477
diag_1_Musculoskeletal,diag_2_Musculoskeletal,0.14264746709484202
diag_1_Other,diag_2_Musculoskeletal,-0.012491278038784439
diag_1_Respiratory,diag_2_Musculoskeletal,-0.014574157017458782
diag_2_Circulatory,diag_2_Musculoskeletal,-0.09143509250874515
diag_2_Diabetes,diag_2_Musculoskeletal,-0.04775045373819012
diag_2_Digestive,diag_2_Musculoskeletal,-0.026495585348722313
diag_2_Injury,diag_2_Musculoskeletal,-0.02048734209669907
diag_2_Missing,diag_2_Musculoskeletal,-0.005401154837547857
diag_2_Musculoskeletal,diag_2_Musculoskeletal,1.0
diag_2_Other,diag_2_Musculoskeletal,-0.09922850235792606
diag_2_Respiratory,diag_2_Musculoskeletal,-0.04743380992722723
diag_3_Circulatory,diag_2_Musculoskeletal,-0.0327999757844156
diag_3_Diabetes,diag_2_Musculoskeletal,0.023337383419562912
diag_3_Digestive,diag_2_Musculoskeletal,-0.01580691647091384
diag_3_Injury,diag_2_Musculoskeletal,0.004793987844298633
diag_3_Missing,diag_2_Musculoskeletal,-0.008199635483884941
diag_3_Musculoskeletal,diag_2_Musculoskeletal,0.12542502319081544
diag_3_Other,diag_2_Musculoskeletal,-0.005255742551178923
diag_3_Respiratory,diag_2_Musculoskeletal,-0.01816566859274263
age_encoded,diag_2_Musculoskeletal,-0.029270637069462962
days,diag_2_Other,0.050983162923937675
nlabs,diag_2_Other,0.03580537741977858
nproc,diag_2_Other,-0.09990397737077229
meds,diag_2_Other,-0.05483182764099329
opv,diag_2_Other,0.01809154659430983
inptv,diag_2_Other,0.0251420893781333
erv,diag_2_Other,0.04792568896831654
g_test,diag_2_Other,0.0003278712286238966
A1Ctest,diag_2_Other,0.0005775703756693243
change,diag_2_Other,0.012047725211584882
diab_med,diag_2_Other,-0.0047695018740633146
readmit,diag_2_Other,-0.001628869426244426
mdtype_Cardiology,diag_2_Other,-0.10226769047655478
mdtype_Emergency/Trauma,diag_2_Other,0.01613059726769354
mdtype_Family/GeneralPractice,diag_2_Other,-0.002124563255731441
mdtype_InternalMedicine,diag_2_Other,0.001812246774035339
mdtype_Missing,diag_2_Other,0.03407958989735396
mdtype_Other,diag_2_Other,0.021305413953174715
mdtype_Surgery,diag_2_Other,-0.020294592661438564
diag_1_Circulatory,diag_2_Other,-0.2001414992318868
diag_1_Diabetes,diag_2_Other,0.11724202183082588
diag_1_Digestive,diag_2_Other,0.03502937139076544
diag_1_Injury,diag_2_Other,0.047553314866224945
diag_1_Missing,diag_2_Other,0.0036256930215660477
diag_1_Musculoskeletal,diag_2_Other,-0.025382766978829817
diag_1_Other,diag_2_Other,0.17725451939742395
diag_1_Respiratory,diag_2_Other,-0.08856186671264138
diag_2_Circulatory,diag_2_Other,-0.5233781649023077
diag_2_Diabetes,diag_2_Other,-0.27332552704921403
diag_2_Digestive,diag_2_Other,-0.1516618013647271
diag_2_Injury,diag_2_Other,-0.11727037416482708
diag_2_Missing,diag_2_Other,-0.03091642857974503
diag_2_Musculoskeletal,diag_2_Other,-0.09922850235792606
diag_2_Other,diag_2_Other,1.0
diag_2_Respiratory,diag_2_Other,-0.27151304507798857
diag_3_Circulatory,diag_2_Other,-0.10445645896763073
diag_3_Diabetes,diag_2_Other,0.019364599013627373
diag_3_Digestive,diag_2_Other,0.020459347289329174
diag_3_Injury,diag_2_Other,0.011666702127825829
diag_3_Missing,diag_2_Other,-0.0424607352967532
diag_3_Musculoskeletal,diag_2_Other,0.006960794641515518
diag_3_Other,diag_2_Other,0.0939175195976902
diag_3_Respiratory,diag_2_Other,-0.025874664149319316
age_encoded,diag_2_Other,-0.01634243232261421
days,diag_2_Respiratory,0.0481073277598771
nlabs,diag_2_Respiratory,0.04331009582512751
nproc,diag_2_Respiratory,-0.04797611493527657
meds,diag_2_Respiratory,0.0766162661446464
opv,diag_2_Respiratory,0.011510844157568693
inptv,diag_2_Respiratory,0.028003516740754793
erv,diag_2_Respiratory,0.0011448351756883058
g_test,diag_2_Respiratory,0.028204665839536038
A1Ctest,diag_2_Respiratory,-0.01045938087826373
change,diag_2_Respiratory,0.01825585999661608
diab_med,diag_2_Respiratory,0.015505252311040196
readmit,diag_2_Respiratory,0.01399911008416007
mdtype_Cardiology,diag_2_Respiratory,-0.026036011114817813
mdtype_Emergency/Trauma,diag_2_Respiratory,0.01589226452552385
mdtype_Family/GeneralPractice,diag_2_Respiratory,0.010362519991690038
mdtype_InternalMedicine,diag_2_Respiratory,-0.0019900272474021536
mdtype_Missing,diag_2_Respiratory,0.028239310040911993
mdtype_Other,diag_2_Respiratory,-0.02806788538605921
mdtype_Surgery,diag_2_Respiratory,-0.02647575790934929
diag_1_Circulatory,diag_2_Respiratory,0.0059998567855277735
diag_1_Diabetes,diag_2_Respiratory,-0.05052910232878155
diag_1_Digestive,diag_2_Respiratory,-0.03476577636666009
diag_1_Injury,diag_2_Respiratory,-0.039428088424332465
diag_1_Missing,diag_2_Respiratory,-0.004557386631677499
diag_1_Musculoskeletal,diag_2_Respiratory,-0.030383630274346582
diag_1_Other,diag_2_Respiratory,-0.053051611527724515
diag_1_Respiratory,diag_2_Respiratory,0.16931933365135957
diag_2_Circulatory,diag_2_Respiratory,-0.25018840155914057
diag_2_Diabetes,diag_2_Respiratory,-0.13065672453209207
diag_2_Digestive,diag_2_Respiratory,-0.0724982932142447
diag_2_Injury,diag_2_Respiratory,-0.05605829480489864
diag_2_Missing,diag_2_Respiratory,-0.014778858513762354
diag_2_Musculoskeletal,diag_2_Respiratory,-0.04743380992722723
diag_2_Other,diag_2_Respiratory,-0.27151304507798857
diag_2_Respiratory,diag_2_Respiratory,1.0
diag_3_Circulatory,diag_2_Respiratory,0.017135276042553615
diag_3_Diabetes,diag_2_Respiratory,-0.0038376364370871323
diag_3_Digestive,diag_2_Respiratory,-0.02218687058855889
diag_3_Injury,diag_2_Respiratory,-0.0030711281358376816
diag_3_Missing,diag_2_Respiratory,-0.026335783474461437
diag_3_Musculoskeletal,diag_2_Respiratory,-0.012452986194680377
diag_3_Other,diag_2_Respiratory,-0.03420268371900742
diag_3_Respiratory,diag_2_Respiratory,0.06980767621781643
age_encoded,diag_2_Respiratory,0.03896743103430513
days,diag_3_Circulatory,-0.029870169918558852
nlabs,diag_3_Circulatory,-0.024702515533525496
nproc,diag_3_Circulatory,0.053713800584381174
meds,diag_3_Circulatory,0.03593184652209204
opv,diag_3_Circulatory,-0.0013886601277137813
inptv,diag_3_Circulatory,-0.004582488163470139
erv,diag_3_Circulatory,-0.028105027488847623
g_test,diag_3_Circulatory,-0.02294658697895841
A1Ctest,diag_3_Circulatory,-0.016467063913009738
change,diag_3_Circulatory,-0.015563388680259506
diab_med,diag_3_Circulatory,0.0011404048285049294
readmit,diag_3_Circulatory,0.017081708939650414
mdtype_Cardiology,diag_3_Circulatory,0.06947114399299927
mdtype_Emergency/Trauma,diag_3_Circulatory,-0.011663133248754067
mdtype_Family/GeneralPractice,diag_3_Circulatory,-0.005783225987202285
mdtype_InternalMedicine,diag_3_Circulatory,-0.0005016770935880771
mdtype_Missing,diag_3_Circulatory,-0.01052802942995365
mdtype_Other,diag_3_Circulatory,-0.017986143601450007
mdtype_Surgery,diag_3_Circulatory,-0.001986883570350163
diag_1_Circulatory,diag_3_Circulatory,0.14835820004133818
diag_1_Diabetes,diag_3_Circulatory,-0.03233516532353182
diag_1_Digestive,diag_3_Circulatory,-0.04862197443811402
diag_1_Injury,diag_3_Circulatory,-0.0296123809585886
diag_1_Missing,diag_3_Circulatory,-0.0015747088958696178
diag_1_Musculoskeletal,diag_3_Circulatory,-0.014274136554399913
diag_1_Other,diag_3_Circulatory,-0.09580879231935248
diag_1_Respiratory,diag_3_Circulatory,0.017278507883835992
diag_2_Circulatory,diag_3_Circulatory,0.07924353788157867
diag_2_Diabetes,diag_3_Circulatory,0.07913157645080528
diag_2_Digestive,diag_3_Circulatory,-0.05339976006003771
diag_2_Injury,diag_3_Circulatory,-0.015233001683193597
diag_2_Missing,diag_3_Circulatory,-0.020981855931825867
diag_2_Musculoskeletal,diag_3_Circulatory,-0.0327999757844156
diag_2_Other,diag_3_Circulatory,-0.10445645896763073
diag_2_Respiratory,diag_3_Circulatory,0.017135276042553615
diag_3_Circulatory,diag_3_Circulatory,1.0
diag_3_Diabetes,diag_3_Circulatory,-0.30200445173178436
diag_3_Digestive,diag_3_Circulatory,-0.12993762098269662
diag_3_Injury,diag_3_Circulatory,-0.09162386171908762
diag_3_Missing,diag_3_Circulatory,-0.05922685308994065
diag_3_Musculoskeletal,diag_3_Circulatory,-0.09071428118298888
diag_3_Other,diag_3_Circulatory,-0.5043548599860775
diag_3_Respiratory,diag_3_Circulatory,-0.19189821418304256
age_encoded,diag_3_Circulatory,0.08263327229640058
days,diag_3_Diabetes,-0.07430873821030204
nlabs,diag_3_Diabetes,-0.06200127337164006
nproc,diag_3_Diabetes,-0.002257989763290782
meds,diag_3_Diabetes,-0.05741589431325904
opv,diag_3_Diabetes,-0.012300447303024348
inptv,diag_3_Diabetes,-0.0219095018302
erv,diag_3_Diabetes,-0.0027742664447277087
g_test,diag_3_Diabetes,0.006985190682393493
A1Ctest,diag_3_Diabetes,0.00894010352493767
change,diag_3_Diabetes,0.006067682490160163
diab_med,diag_3_Diabetes,0.014585967787353753
readmit,diag_3_Diabetes,-0.012010541878637012
mdtype_Cardiology,diag_3_Diabetes,0.01469168627919699
mdtype_Emergency/Trauma,diag_3_Diabetes,-0.01219930177979497
mdtype_Family/GeneralPractice,diag_3_Diabetes,0.0033189945380913987
mdtype_InternalMedicine,diag_3_Diabetes,0.009547092697366118
mdtype_Missing,diag_3_Diabetes,-0.03242281151731725
mdtype_Other,diag_3_Diabetes,0.02342589436137989
mdtype_Surgery,diag_3_Diabetes,0.021416044807987863
diag_1_Circulatory,diag_3_Diabetes,0.031080062304050648
diag_1_Diabetes,diag_3_Diabetes,-0.10796905854733736
diag_1_Digestive,diag_3_Diabetes,-0.003277360413647864
diag_1_Injury,diag_3_Diabetes,-0.010643432328762518
diag_1_Missing,diag_3_Diabetes,0.0026765776543236355
diag_1_Musculoskeletal,diag_3_Diabetes,0.051995889209533304
diag_1_Other,diag_3_Diabetes,-0.001338631316380092
diag_1_Respiratory,diag_3_Diabetes,0.01674779224322182
diag_2_Circulatory,diag_3_Diabetes,0.07689034206489978
diag_2_Diabetes,diag_3_Diabetes,-0.14148790077247647
diag_2_Digestive,diag_3_Diabetes,0.007789418748389247
diag_2_Injury,diag_3_Diabetes,-0.022917547370205838
diag_2_Missing,diag_3_Diabetes,0.004783405959799669
diag_2_Musculoskeletal,diag_3_Diabetes,0.023337383419562912
diag_2_Other,diag_3_Diabetes,0.019364599013627373
diag_2_Respiratory,diag_3_Diabetes,-0.0038376364370871323
diag_3_Circulatory,diag_3_Diabetes,-0.30200445173178436
diag_3_Diabetes,diag_3_Diabetes,1.0
diag_3_Digestive,diag_3_Diabetes,-0.08839858002688548
diag_3_Injury,diag_3_Diabetes,-0.06233313501734477
diag_3_Missing,diag_3_Diabetes,-0.04029294728513523
diag_3_Musculoskeletal,diag_3_Diabetes,-0.06171433326306365
diag_3_Other,diag_3_Diabetes,-0.343120438216772
diag_3_Respiratory,diag_3_Diabetes,-0.1305513331334193
age_encoded,diag_3_Diabetes,-0.0603441138331199
days,diag_3_Digestive,0.008069524800926162
nlabs,diag_3_Digestive,0.01808535415977103
nproc,diag_3_Digestive,0.01889778320299361
meds,diag_3_Digestive,-0.01738560329919181
opv,diag_3_Digestive,-0.003138484741763476
inptv,diag_3_Digestive,0.0010448292053950817
erv,diag_3_Digestive,0.004824668856206553
g_test,diag_3_Digestive,0.005000266529481331
A1Ctest,diag_3_Digestive,-0.007965487392932718
change,diag_3_Digestive,-0.030102846024801313
diab_med,diag_3_Digestive,-0.029058334156187828
readmit,diag_3_Digestive,-0.00028433609346806147
mdtype_Cardiology,diag_3_Digestive,-0.02735072173081775
mdtype_Emergency/Trauma,diag_3_Digestive,0.002365517870797686
mdtype_Family/GeneralPractice,diag_3_Digestive,0.0145600976831758
mdtype_InternalMedicine,diag_3_Digestive,0.0063192691998501865
mdtype_Missing,diag_3_Digestive,0.011635202563451045
mdtype_Other,diag_3_Digestive,-0.016290522281632323
mdtype_Surgery,diag_3_Digestive,-0.005394750570213546
diag_1_Circulatory,diag_3_Digestive,-0.07377190456271207
diag_1_Diabetes,diag_3_Digestive,0.011683077169006956
diag_1_Digestive,diag_3_Digestive,0.16969503280013717
diag_1_Injury,diag_3_Digestive,-0.029061230324190283
diag_1_Missing,diag_3_Digestive,-0.0024670512142557608
diag_1_Musculoskeletal,diag_3_Digestive,-0.023303672578947655
diag_1_Other,diag_3_Digestive,0.010151983958786434
diag_1_Respiratory,diag_3_Digestive,-0.028744717655549614
diag_2_Circulatory,diag_3_Digestive,-0.06408857236778366
diag_2_Diabetes,diag_3_Digestive,0.0016767173683082189
diag_2_Digestive,diag_3_Digestive,0.14239206355147488
diag_2_Injury,diag_3_Digestive,0.010294279685877284
diag_2_Missing,diag_3_Digestive,-0.008000243075332685
diag_2_Musculoskeletal,diag_3_Digestive,-0.01580691647091384
diag_2_Other,diag_3_Digestive,0.020459347289329174
diag_2_Respiratory,diag_3_Digestive,-0.02218687058855889
diag_3_Circulatory,diag_3_Digestive,-0.12993762098269662
diag_3_Diabetes,diag_3_Digestive,-0.08839858002688548
diag_3_Digestive,diag_3_Digestive,1.0
diag_3_Injury,diag_3_Digestive,-0.026818873781835114
diag_3_Missing,diag_3_Digestive,-0.01733606800359853
diag_3_Musculoskeletal,diag_3_Digestive,-0.026552633905733508
diag_3_Other,diag_3_Digestive,-0.14762780216241347
diag_3_Respiratory,diag_3_Digestive,-0.056169799968848806
age_encoded,diag_3_Digestive,-0.039845054504027984
days,diag_3_Injury,0.0565470967643909
nlabs,diag_3_Injury,0.005522539649673855
nproc,diag_3_Injury,0.07093436595832238
meds,diag_3_Injury,0.0588265344830508
opv,diag_3_Injury,-0.013885726669923597
inptv,diag_3_Injury,-0.015047392319656438
erv,diag_3_Injury,-0.0011985335281720342
g_test,diag_3_Injury,-0.0018475396605714294
A1Ctest,diag_3_Injury,-0.010837038504268176
change,diag_3_Injury,0.012192712238748633
diab_med,diag_3_Injury,0.009936637393372751
readmit,diag_3_Injury,-0.012561495456082185
mdtype_Cardiology,diag_3_Injury,0.0023761725847819726
mdtype_Emergency/Trauma,diag_3_Injury,-0.012331056637189069
mdtype_Family/GeneralPractice,diag_3_Injury,-0.005537759228590066
mdtype_InternalMedicine,diag_3_Injury,-0.007769381207658477
mdtype_Missing,diag_3_Injury,0.005447632064932922
mdtype_Other,diag_3_Injury,0.0024552592772301386
mdtype_Surgery,diag_3_Injury,0.015844368521555914
diag_1_Circulatory,diag_3_Injury,-0.014836901163633506
diag_1_Diabetes,diag_3_Injury,-0.009793277119934586
diag_1_Digestive,diag_3_Injury,-0.01960439360620075
diag_1_Injury,diag_3_Injury,0.09635086978066504
diag_1_Missing,diag_3_Injury,-0.0017396098035300826
diag_1_Musculoskeletal,diag_3_Injury,0.011907218327175615
diag_1_Other,diag_3_Injury,-0.001083130923346856
diag_1_Respiratory,diag_3_Injury,-0.031201808979345304
diag_2_Circulatory,diag_3_Injury,-0.022119732734049515
diag_2_Diabetes,diag_3_Injury,-0.019358628713924048
diag_2_Digestive,diag_3_Injury,-0.006219839158913319
diag_2_Injury,diag_3_Injury,0.08394449973194547
diag_2_Missing,diag_3_Injury,-0.005641269708570174
diag_2_Musculoskeletal,diag_3_Injury,0.004793987844298633
diag_2_Other,diag_3_Injury,0.011666702127825829
diag_2_Respiratory,diag_3_Injury,-0.0030711281358376816
diag_3_Circulatory,diag_3_Injury,-0.09162386171908762
diag_3_Diabetes,diag_3_Injury,-0.06233313501734477
diag_3_Digestive,diag_3_Injury,-0.026818873781835114
diag_3_Injury,diag_3_Injury,1.0
diag_3_Missing,diag_3_Injury,-0.012224307983335478
diag_3_Musculoskeletal,diag_3_Injury,-0.018723252271799218
diag_3_Other,diag_3_Injury,-0.10409786810721201
diag_3_Respiratory,diag_3_Injury,-0.039607420439226874
age_encoded,diag_3_Injury,-0.007134837688307297
days,diag_3_Missing,-0.04183419914644534
nlabs,diag_3_Missing,-0.03671148038685229
nproc,diag_3_Missing,-0.02460850622228154
meds,diag_3_Missing,-0.05618123569602498
opv,diag_3_Missing,-0.01662244806311984
inptv,diag_3_Missing,-0.026462279124161162
erv,diag_3_Missing,-0.01206907528170461
g_test,diag_3_Missing,0.009844191429767415
A1Ctest,diag_3_Missing,0.0034684584570690963
change,diag_3_Missing,-0.007446755176110371
diab_med,diag_3_Missing,-0.010490955108685768
readmit,diag_3_Missing,-0.03285039023941167
mdtype_Cardiology,diag_3_Missing,-0.005991453257275009
mdtype_Emergency/Trauma,diag_3_Missing,-0.011643289043127631
mdtype_Family/GeneralPractice,diag_3_Missing,0.010735121401910975
mdtype_InternalMedicine,diag_3_Missing,0.009144782017829074
mdtype_Missing,diag_3_Missing,-0.034538143813658786
mdtype_Other,diag_3_Missing,0.023685967471968196
mdtype_Surgery,diag_3_Missing,0.039029201411447376
diag_1_Circulatory,diag_3_Missing,-0.037499855650230285
diag_1_Diabetes,diag_3_Missing,0.03789802095649209
diag_1_Digestive,diag_3_Missing,-0.00040470076601736545
diag_1_Injury,diag_3_Missing,0.019892032938157816
diag_1_Missing,diag_3_Missing,-0.0011245063494855177
diag_1_Musculoskeletal,diag_3_Missing,0.025335922596646323
diag_1_Other,diag_3_Missing,0.005227950865618094
diag_1_Respiratory,diag_3_Missing,-0.013890291831186164
diag_2_Circulatory,diag_3_Missing,-0.05398809270429304
diag_2_Diabetes,diag_3_Missing,0.14322519466456038
diag_2_Digestive,diag_3_Missing,-0.008508450959648082
diag_2_Injury,diag_3_Missing,0.010050061897312274
diag_2_Missing,diag_3_Missing,0.22891654389363958
diag_2_Musculoskeletal,diag_3_Missing,-0.008199635483884941
diag_2_Other,diag_3_Missing,-0.0424607352967532
diag_2_Respiratory,diag_3_Missing,-0.026335783474461437
diag_3_Circulatory,diag_3_Missing,-0.05922685308994065
diag_3_Diabetes,diag_3_Missing,-0.04029294728513523
diag_3_Digestive,diag_3_Missing,-0.01733606800359853
diag_3_Injury,diag_3_Missing,-0.012224307983335478
diag_3_Missing,diag_3_Missing,1.0
diag_3_Musculoskeletal,diag_3_Missing,-0.01210295321395241
diag_3_Other,diag_3_Missing,-0.06729021267696107
diag_3_Respiratory,diag_3_Missing,-0.02560275050202239
age_encoded,diag_3_Missing,-0.04428031433969675
days,diag_3_Musculoskeletal,0.0067534988183390555
nlabs,diag_3_Musculoskeletal,-0.024181732789305275
nproc,diag_3_Musculoskeletal,-0.0016266903360505573
meds,diag_3_Musculoskeletal,0.006316989360140629
opv,diag_3_Musculoskeletal,0.010835459102804567
inptv,diag_3_Musculoskeletal,-0.012006169421899901
erv,diag_3_Musculoskeletal,0.00847757376392962
g_test,diag_3_Musculoskeletal,-0.0004225797080252723
A1Ctest,diag_3_Musculoskeletal,0.0057873930991074966
change,diag_3_Musculoskeletal,0.007592087063875873
diab_med,diag_3_Musculoskeletal,0.002166104309792812
readmit,diag_3_Musculoskeletal,-0.005349568244467533
mdtype_Cardiology,diag_3_Musculoskeletal,-0.012513313215900304
mdtype_Emergency/Trauma,diag_3_Musculoskeletal,0.010985210382698675
mdtype_Family/GeneralPractice,diag_3_Musculoskeletal,0.00198202847222612
mdtype_InternalMedicine,diag_3_Musculoskeletal,-0.007601878835661432
mdtype_Missing,diag_3_Musculoskeletal,-0.01996131837185682
mdtype_Other,diag_3_Musculoskeletal,0.02959369558430719
mdtype_Surgery,diag_3_Musculoskeletal,0.01382015942621167
diag_1_Circulatory,diag_3_Musculoskeletal,-0.049300636166580404
diag_1_Diabetes,diag_3_Musculoskeletal,0.05071037621000879
diag_1_Digestive,diag_3_Musculoskeletal,-0.02510760769374142
diag_1_Injury,diag_3_Musculoskeletal,0.011612940813959952
diag_1_Missing,diag_3_Musculoskeletal,-0.0017223401186684236
diag_1_Musculoskeletal,diag_3_Musculoskeletal,0.09770123385624964
diag_1_Other,diag_3_Musculoskeletal,-0.002908908454193969
diag_1_Respiratory,diag_3_Musculoskeletal,-0.016026546733895534
diag_2_Circulatory,diag_3_Musculoskeletal,-0.033875705582861744
diag_2_Diabetes,diag_3_Musculoskeletal,0.007572364395327175
diag_2_Digestive,diag_3_Musculoskeletal,-0.015021150798945932
diag_2_Injury,diag_3_Musculoskeletal,0.0044194497645018834
diag_2_Missing,diag_3_Musculoskeletal,0.0017214663698519287
diag_2_Musculoskeletal,diag_3_Musculoskeletal,0.12542502319081544
diag_2_Other,diag_3_Musculoskeletal,0.006960794641515518
diag_2_Respiratory,diag_3_Musculoskeletal,-0.012452986194680377
diag_3_Circulatory,diag_3_Musculoskeletal,-0.09071428118298888
diag_3_Diabetes,diag_3_Musculoskeletal,-0.06171433326306365
diag_3_Digestive,diag_3_Musculoskeletal,-0.026552633905733508
diag_3_Injury,diag_3_Musculoskeletal,-0.018723252271799218
diag_3_Missing,diag_3_Musculoskeletal,-0.01210295321395241
diag_3_Musculoskeletal,diag_3_Musculoskeletal,1.0
diag_3_Other,diag_3_Musculoskeletal,-0.10306445396265244
diag_3_Respiratory,diag_3_Musculoskeletal,-0.03921422440884058
age_encoded,diag_3_Musculoskeletal,-0.007864005643940611
days,diag_3_Other,0.047428978573865216
nlabs,diag_3_Other,0.05341006468014593
nproc,diag_3_Other,-0.07278834692846452
meds,diag_3_Other,-0.03189180398278115
opv,diag_3_Other,0.011486132636196885
inptv,diag_3_Other,0.021766008819511795
erv,diag_3_Other,0.024361700678461527
g_test,diag_3_Other,0.009483341704981819
A1Ctest,diag_3_Other,0.012289338269674726
change,diag_3_Other,0.013122877831855813
diab_med,diag_3_Other,-0.005202660422034349
readmit,diag_3_Other,-0.004787497079133712
mdtype_Cardiology,diag_3_Other,-0.06028928506380531
mdtype_Emergency/Trauma,diag_3_Other,0.021196764624002655
mdtype_Family/GeneralPractice,diag_3_Other,-0.004276643194090542
mdtype_InternalMedicine,diag_3_Other,-0.008238798689096308
mdtype_Missing,diag_3_Other,0.03349666294039156
mdtype_Other,diag_3_Other,0.004999339503059043
mdtype_Surgery,diag_3_Other,-0.027803963958208385
diag_1_Circulatory,diag_3_Other,-0.12209612467843124
diag_1_Diabetes,diag_3_Other,0.10746187045006764
diag_1_Digestive,diag_3_Other,0.00045523919043777186
diag_1_Injury,diag_3_Other,0.02536625105102069
diag_1_Missing,diag_3_Other,-0.0030040998807977755
diag_1_Musculoskeletal,diag_3_Other,-0.03737728869649574
diag_1_Other,diag_3_Other,0.10042715087890716
diag_1_Respiratory,diag_3_Other,-0.036961654173754584
diag_2_Circulatory,diag_3_Other,-0.09758795446956557
diag_2_Diabetes,diag_3_Other,0.032262119724897675
diag_2_Digestive,diag_3_Other,0.008404530574740651
diag_2_Injury,diag_3_Other,0.005859913712593212
diag_2_Missing,diag_3_Other,-0.01684555785479106
diag_2_Musculoskeletal,diag_3_Other,-0.005255742551178923
diag_2_Other,diag_3_Other,0.0939175195976902
diag_2_Respiratory,diag_3_Other,-0.03420268371900742
diag_3_Circulatory,diag_3_Other,-0.5043548599860775
diag_3_Diabetes,diag_3_Other,-0.343120438216772
diag_3_Digestive,diag_3_Other,-0.14762780216241347
diag_3_Injury,diag_3_Other,-0.10409786810721201
diag_3_Missing,diag_3_Other,-0.06729021267696107
diag_3_Musculoskeletal,diag_3_Other,-0.10306445396265244
diag_3_Other,diag_3_Other,1.0
diag_3_Respiratory,diag_3_Other,-0.21802393628945227
age_encoded,diag_3_Other,-0.024507780318204234
days,diag_3_Respiratory,0.04714821321394761
nlabs,diag_3_Respiratory,0.04262712901360343
nproc,diag_3_Respiratory,0.0013355705616119166
meds,diag_3_Respiratory,0.07442554535628683
opv,diag_3_Respiratory,0.008346787109773738
inptv,diag_3_Respiratory,0.02125107640675773
erv,diag_3_Respiratory,0.005545198948454052
g_test,diag_3_Respiratory,0.007130131062550098
A1Ctest,diag_3_Respiratory,0.0007612207341887805
change,diag_3_Respiratory,0.008410204992129529
diab_med,diag_3_Respiratory,0.004688103077791215
readmit,diag_3_Respiratory,0.016164913202649903
mdtype_Cardiology,diag_3_Respiratory,-0.005823502767634349
mdtype_Emergency/Trauma,diag_3_Respiratory,0.002055771949758988
mdtype_Family/GeneralPractice,diag_3_Respiratory,0.001048190540162194
mdtype_InternalMedicine,diag_3_Respiratory,0.002546796416663101
mdtype_Missing,diag_3_Respiratory,0.013999586217977464
mdtype_Other,diag_3_Respiratory,-0.023427520301508298
mdtype_Surgery,diag_3_Respiratory,-0.0006410487867092352
diag_1_Circulatory,diag_3_Respiratory,0.01643862772636573
diag_1_Diabetes,diag_3_Respiratory,-0.02703097508824821
diag_1_Digestive,diag_3_Respiratory,-0.009004400168958484
diag_1_Injury,diag_3_Respiratory,-0.020272133245388204
diag_1_Missing,diag_3_Respiratory,0.008247731434973253
diag_1_Musculoskeletal,diag_3_Respiratory,-0.028205401174817697
diag_1_Other,diag_3_Respiratory,-0.020488310063010662
diag_1_Respiratory,diag_3_Respiratory,0.06202389789765523
diag_2_Circulatory,diag_3_Respiratory,0.02180870929293128
diag_2_Diabetes,diag_3_Respiratory,-0.03829073740669515
diag_2_Digestive,diag_3_Respiratory,-0.020632468969746572
diag_2_Injury,diag_3_Respiratory,-0.007197674423239761
diag_2_Missing,diag_3_Respiratory,-0.008142654629776182
diag_2_Musculoskeletal,diag_3_Respiratory,-0.01816566859274263
diag_2_Other,diag_3_Respiratory,-0.025874664149319316
diag_2_Respiratory,diag_3_Respiratory,0.06980767621781643
diag_3_Circulatory,diag_3_Respiratory,-0.19189821418304256
diag_3_Diabetes,diag_3_Respiratory,-0.1305513331334193
diag_3_Digestive,diag_3_Respiratory,-0.056169799968848806
diag_3_Injury,diag_3_Respiratory,-0.039607420439226874
diag_3_Missing,diag_3_Respiratory,-0.02560275050202239
diag_3_Musculoskeletal,diag_3_Respiratory,-0.03921422440884058
diag_3_Other,diag_3_Respiratory,-0.21802393628945227
diag_3_Respiratory,diag_3_Respiratory,1.0
age_encoded,diag_3_Respiratory,0.0366980824683463
days,age_encoded,0.08626779581843567
nlabs,age_encoded,0.028795685930042926
nproc,age_encoded,-0.0933561615415382
meds,age_encoded,-0.03960437967924218
opv,age_encoded,0.019859782791812376
inptv,age_encoded,-0.021916747864167523
erv,age_encoded,-0.07088562155217853
g_test,age_encoded,0.034232354200567805
A1Ctest,age_encoded,-0.09321962479897358
change,age_encoded,-0.053463597507847516
diab_med,age_encoded,-0.02573917837459171
readmit,age_encoded,0.030288765956746903
mdtype_Cardiology,age_encoded,-0.0209446758124999
mdtype_Emergency/Trauma,age_encoded,0.026062775165712603
mdtype_Family/GeneralPractice,age_encoded,-0.0049129617218499465
mdtype_InternalMedicine,age_encoded,0.02984317837753244
mdtype_Missing,age_encoded,0.02694579459552918
mdtype_Other,age_encoded,-0.0620529394003684
mdtype_Surgery,age_encoded,-0.025671600963197184
diag_1_Circulatory,age_encoded,0.07105088314556518
diag_1_Diabetes,age_encoded,-0.10532609565900188
diag_1_Digestive,age_encoded,-0.01793515591191114
diag_1_Injury,age_encoded,0.01386076705414391
diag_1_Missing,age_encoded,0.00871042363819641
diag_1_Musculoskeletal,age_encoded,-0.017820462327624985
diag_1_Other,age_encoded,-0.0006302642008092841
diag_1_Respiratory,age_encoded,-0.0008033530371921234
diag_2_Circulatory,age_encoded,0.09312061222051322
diag_2_Diabetes,age_encoded,-0.10937623940818894
diag_2_Digestive,age_encoded,-0.038802833103151385
diag_2_Injury,age_encoded,-0.012282763043003074
diag_2_Missing,age_encoded,0.00040606906004050556
diag_2_Musculoskeletal,age_encoded,-0.029270637069462962
diag_2_Other,age_encoded,-0.01634243232261421
diag_2_Respiratory,age_encoded,0.03896743103430513
diag_3_Circulatory,age_encoded,0.08263327229640058
diag_3_Diabetes,age_encoded,-0.0603441138331199
diag_3_Digestive,age_encoded,-0.039845054504027984
diag_3_Injury,age_encoded,-0.007134837688307297
diag_3_Missing,age_encoded,-0.04428031433969675
diag_3_Musculoskeletal,age_encoded,-0.007864005643940611
diag_3_Other,age_encoded,-0.024507780318204234
diag_3_Respiratory,age_encoded,0.0366980824683463
age_encoded,age_encoded,1.0
